vehicleNum,vehicleType,initSpeed
int,string,km/min
1,VehicleC,1
3,VehicleC,1
5,VehicleC,1
7,VehicleC,1
9,VehicleC,1
11,VehicleC,1
13,VehicleC,1
15,VehicleC,1
17,VehicleC,1
19,VehicleC,1
21,VehicleC,1
23,VehicleC,1
25,VehicleC,1
27,VehicleC,1
29,VehicleC,1
31,VehicleC,1
33,VehicleC,1
35,VehicleC,1
37,VehicleC,1
39,VehicleC,1
41,VehicleC,1
43,VehicleC,1
45,VehicleC,1
47,VehicleC,1
49,VehicleC,1
51,VehicleC,1
53,VehicleC,1
55,VehicleC,1
57,VehicleC,1
59,VehicleC,1
61,VehicleC,1
63,VehicleC,1
65,VehicleC,1
67,VehicleC,1
69,VehicleC,1
71,VehicleC,1
73,VehicleC,1
75,VehicleC,1
77,VehicleC,1
79,VehicleC,1
81,VehicleC,1
83,VehicleC,1
85,VehicleC,1
87,VehicleC,1
89,VehicleC,1
91,VehicleC,1
93,VehicleC,1
95,VehicleC,1
97,VehicleC,1
99,VehicleC,1
101,VehicleC,1
103,VehicleC,1
105,VehicleC,1
107,VehicleC,1
109,VehicleC,1
111,VehicleC,1
113,VehicleC,1
115,VehicleC,1
117,VehicleC,1
119,VehicleC,1
121,VehicleC,1
123,VehicleC,1
125,VehicleC,1
127,VehicleC,1
129,VehicleC,1
131,VehicleC,1
133,VehicleC,1
135,VehicleC,1
137,VehicleC,1
139,VehicleC,1
141,VehicleC,1
143,VehicleC,1
145,VehicleC,1
147,VehicleC,1
149,VehicleC,1
151,VehicleC,1
153,VehicleC,1
155,VehicleC,1
157,VehicleC,1
159,VehicleC,1
161,VehicleC,1
163,VehicleC,1
165,VehicleC,1
167,VehicleC,1
169,VehicleC,1
171,VehicleC,1
173,VehicleC,1
175,VehicleC,1
177,VehicleC,1
179,VehicleC,1
181,VehicleC,1
183,VehicleC,1
185,VehicleC,1
187,VehicleC,1
189,VehicleC,1
191,VehicleC,1
193,VehicleC,1
195,VehicleC,1
197,VehicleC,1
199,VehicleC,1
201,VehicleC,1
203,VehicleC,1
205,VehicleC,1
207,VehicleC,1
209,VehicleC,1
211,VehicleC,1
213,VehicleC,1
215,VehicleC,1
217,VehicleC,1
219,VehicleC,1
221,VehicleC,1
223,VehicleC,1
225,VehicleC,1
227,VehicleC,1
229,VehicleC,1
231,VehicleC,1
233,VehicleC,1
235,VehicleC,1
237,VehicleC,1
239,VehicleC,1
241,VehicleC,1
243,VehicleC,1
245,VehicleC,1
247,VehicleC,1
249,VehicleC,1
251,VehicleC,1
253,VehicleC,1
255,VehicleC,1
257,VehicleC,1
259,VehicleC,1
261,VehicleC,1
263,VehicleC,1
265,VehicleC,1
267,VehicleC,1
269,VehicleC,1
271,VehicleC,1
273,VehicleC,1
275,VehicleC,1
277,VehicleC,1
279,VehicleC,1
281,VehicleC,1
283,VehicleC,1
285,VehicleC,1
287,VehicleC,1
289,VehicleC,1
291,VehicleC,1
293,VehicleC,1
295,VehicleC,1
297,VehicleC,1
299,VehicleC,1
301,VehicleC,1
303,VehicleC,1
305,VehicleC,1
307,VehicleC,1
309,VehicleC,1
311,VehicleC,1
313,VehicleC,1
315,VehicleC,1
317,VehicleC,1
319,VehicleC,1
321,VehicleC,1
323,VehicleC,1
325,VehicleC,1
327,VehicleC,1
329,VehicleC,1
331,VehicleC,1
333,VehicleC,1
335,VehicleC,1
337,VehicleC,1
339,VehicleC,1
341,VehicleC,1
343,VehicleC,1
345,VehicleC,1
347,VehicleC,1
349,VehicleC,1
351,VehicleC,1
353,VehicleC,1
355,VehicleC,1
357,VehicleC,1
359,VehicleC,1
361,VehicleC,1
363,VehicleC,1
365,VehicleC,1
367,VehicleC,1
369,VehicleC,1
371,VehicleC,1
373,VehicleC,1
375,VehicleC,1
377,VehicleC,1
379,VehicleC,1
381,VehicleC,1
383,VehicleC,1
385,VehicleC,1
387,VehicleC,1
389,VehicleC,1
391,VehicleC,1
393,VehicleC,1
395,VehicleC,1
397,VehicleC,1
399,VehicleC,1
401,VehicleC,1
403,VehicleC,1
405,VehicleC,1
407,VehicleC,1
409,VehicleC,1
411,VehicleC,1
413,VehicleC,1
415,VehicleC,1
417,VehicleC,1
419,VehicleC,1
421,VehicleC,1
423,VehicleC,1
425,VehicleC,1
427,VehicleC,1
429,VehicleC,1
431,VehicleC,1
433,VehicleC,1
435,VehicleC,1
437,VehicleC,1
439,VehicleC,1
441,VehicleC,1
443,VehicleC,1
445,VehicleC,1
447,VehicleC,1
449,VehicleC,1
451,VehicleC,1
453,VehicleC,1
455,VehicleC,1
457,VehicleC,1
459,VehicleC,1
461,VehicleC,1
463,VehicleC,1
465,VehicleC,1
467,VehicleC,1
469,VehicleC,1
471,VehicleC,1
473,VehicleC,1
475,VehicleC,1
477,VehicleC,1
479,VehicleC,1
481,VehicleC,1
483,VehicleC,1
485,VehicleC,1
487,VehicleC,1
489,VehicleC,1
491,VehicleC,1
493,VehicleC,1
495,VehicleC,1
497,VehicleC,1
499,VehicleC,1
501,VehicleC,1
503,VehicleC,1
505,VehicleC,1
507,VehicleC,1
509,VehicleC,1
511,VehicleC,1
513,VehicleC,1
515,VehicleC,1
517,VehicleC,1
519,VehicleC,1
521,VehicleC,1
523,VehicleC,1
525,VehicleC,1
527,VehicleC,1
529,VehicleC,1
531,VehicleC,1
533,VehicleC,1
535,VehicleC,1
537,VehicleC,1
539,VehicleC,1
541,VehicleC,1
543,VehicleC,1
545,VehicleC,1
547,VehicleC,1
549,VehicleC,1
551,VehicleC,1
553,VehicleC,1
555,VehicleC,1
557,VehicleC,1
559,VehicleC,1
561,VehicleC,1
563,VehicleC,1
565,VehicleC,1
567,VehicleC,1
569,VehicleC,1
571,VehicleC,1
573,VehicleC,1
575,VehicleC,1
577,VehicleC,1
579,VehicleC,1
581,VehicleC,1
583,VehicleC,1
585,VehicleC,1
587,VehicleC,1
589,VehicleC,1
591,VehicleC,1
593,VehicleC,1
595,VehicleC,1
597,VehicleC,1
599,VehicleC,1
601,VehicleC,1
603,VehicleC,1
605,VehicleC,1
607,VehicleC,1
609,VehicleC,1
611,VehicleC,1
613,VehicleC,1
615,VehicleC,1
617,VehicleC,1
619,VehicleC,1
621,VehicleC,1
623,VehicleC,1
625,VehicleC,1
627,VehicleC,1
629,VehicleC,1
631,VehicleC,1
633,VehicleC,1
635,VehicleC,1
637,VehicleC,1
639,VehicleC,1
641,VehicleC,1
643,VehicleC,1
645,VehicleC,1
647,VehicleC,1
649,VehicleC,1
651,VehicleC,1
653,VehicleC,1
655,VehicleC,1
657,VehicleC,1
659,VehicleC,1
661,VehicleC,1
663,VehicleC,1
665,VehicleC,1
667,VehicleC,1
669,VehicleC,1
671,VehicleC,1
673,VehicleC,1
675,VehicleC,1
677,VehicleC,1
679,VehicleC,1
681,VehicleC,1
683,VehicleC,1
685,VehicleC,1
687,VehicleC,1
689,VehicleC,1
691,VehicleC,1
693,VehicleC,1
695,VehicleC,1
697,VehicleC,1
699,VehicleC,1
701,VehicleC,1
703,VehicleC,1
705,VehicleC,1
707,VehicleC,1
709,VehicleC,1
711,VehicleC,1
713,VehicleC,1
715,VehicleC,1
717,VehicleC,1
719,VehicleC,1
721,VehicleC,1
723,VehicleC,1
725,VehicleC,1
727,VehicleC,1
729,VehicleC,1
731,VehicleC,1
733,VehicleC,1
735,VehicleC,1
737,VehicleC,1
739,VehicleC,1
741,VehicleC,1
743,VehicleC,1
745,VehicleC,1
747,VehicleC,1
749,VehicleC,1
751,VehicleC,1
753,VehicleC,1
755,VehicleC,1
757,VehicleC,1
759,VehicleC,1
761,VehicleC,1
763,VehicleC,1
765,VehicleC,1
767,VehicleC,1
769,VehicleC,1
771,VehicleC,1
773,VehicleC,1
775,VehicleC,1
777,VehicleC,1
779,VehicleC,1
781,VehicleC,1
783,VehicleC,1
785,VehicleC,1
787,VehicleC,1
789,VehicleC,1
791,VehicleC,1
793,VehicleC,1
795,VehicleC,1
797,VehicleC,1
799,VehicleC,1
801,VehicleC,1
803,VehicleC,1
805,VehicleC,1
807,VehicleC,1
809,VehicleC,1
811,VehicleC,1
813,VehicleC,1
815,VehicleC,1
817,VehicleC,1
819,VehicleC,1
821,VehicleC,1
823,VehicleC,1
825,VehicleC,1
827,VehicleC,1
829,VehicleC,1
831,VehicleC,1
833,VehicleC,1
835,VehicleC,1
837,VehicleC,1
839,VehicleC,1
841,VehicleC,1
843,VehicleC,1
845,VehicleC,1
847,VehicleC,1
849,VehicleC,1
851,VehicleC,1
853,VehicleC,1
855,VehicleC,1
857,VehicleC,1
859,VehicleC,1
861,VehicleC,1
863,VehicleC,1
865,VehicleC,1
867,VehicleC,1
869,VehicleC,1
871,VehicleC,1
873,VehicleC,1
875,VehicleC,1
877,VehicleC,1
879,VehicleC,1
881,VehicleC,1
883,VehicleC,1
885,VehicleC,1
887,VehicleC,1
889,VehicleC,1
891,VehicleC,1
893,VehicleC,1
895,VehicleC,1
897,VehicleC,1
899,VehicleC,1
901,VehicleC,1
903,VehicleC,1
905,VehicleC,1
907,VehicleC,1
909,VehicleC,1
911,VehicleC,1
913,VehicleC,1
915,VehicleC,1
917,VehicleC,1
919,VehicleC,1
921,VehicleC,1
923,VehicleC,1
925,VehicleC,1
927,VehicleC,1
929,VehicleC,1
931,VehicleC,1
933,VehicleC,1
935,VehicleC,1
937,VehicleC,1
939,VehicleC,1
941,VehicleC,1
943,VehicleC,1
945,VehicleC,1
947,VehicleC,1
949,VehicleC,1
951,VehicleC,1
953,VehicleC,1
955,VehicleC,1
957,VehicleC,1
959,VehicleC,1
961,VehicleC,1
963,VehicleC,1
965,VehicleC,1
967,VehicleC,1
969,VehicleC,1
971,VehicleC,1
973,VehicleC,1
975,VehicleC,1
977,VehicleC,1
979,VehicleC,1
981,VehicleC,1
983,VehicleC,1
985,VehicleC,1
987,VehicleC,1
989,VehicleC,1
991,VehicleC,1
993,VehicleC,1
995,VehicleC,1
997,VehicleC,1
999,VehicleC,1
1001,VehicleC,1
1003,VehicleC,1
1005,VehicleC,1
1007,VehicleC,1
1009,VehicleC,1
1011,VehicleC,1
1013,VehicleC,1
1015,VehicleC,1
1017,VehicleC,1
1019,VehicleC,1
1021,VehicleC,1
1023,VehicleC,1
1025,VehicleC,1
1027,VehicleC,1
1029,VehicleC,1
1031,VehicleC,1
1033,VehicleC,1
1035,VehicleC,1
1037,VehicleC,1
1039,VehicleC,1
1041,VehicleC,1
1043,VehicleC,1
1045,VehicleC,1
1047,VehicleC,1
1049,VehicleC,1
1051,VehicleC,1
1053,VehicleC,1
1055,VehicleC,1
1057,VehicleC,1
1059,VehicleC,1
1061,VehicleC,1
1063,VehicleC,1
1065,VehicleC,1
1067,VehicleC,1
1069,VehicleC,1
1071,VehicleC,1
1073,VehicleC,1
1075,VehicleC,1
1077,VehicleC,1
1079,VehicleC,1
1081,VehicleC,1
1083,VehicleC,1
1085,VehicleC,1
1087,VehicleC,1
1089,VehicleC,1
1091,VehicleC,1
1093,VehicleC,1
1095,VehicleC,1
1097,VehicleC,1
1099,VehicleC,1
1101,VehicleC,1
1103,VehicleC,1
1105,VehicleC,1
1107,VehicleC,1
1109,VehicleC,1
1111,VehicleC,1
1113,VehicleC,1
1115,VehicleC,1
1117,VehicleC,1
1119,VehicleC,1
1121,VehicleC,1
1123,VehicleC,1
1125,VehicleC,1
1127,VehicleC,1
1129,VehicleC,1
1131,VehicleC,1
1133,VehicleC,1
1135,VehicleC,1
1137,VehicleC,1
1139,VehicleC,1
1141,VehicleC,1
1143,VehicleC,1
1145,VehicleC,1
1147,VehicleC,1
1149,VehicleC,1
1151,VehicleC,1
1153,VehicleC,1
1155,VehicleC,1
1157,VehicleC,1
1159,VehicleC,1
1161,VehicleC,1
1163,VehicleC,1
1165,VehicleC,1
1167,VehicleC,1
1169,VehicleC,1
1171,VehicleC,1
1173,VehicleC,1
1175,VehicleC,1
1177,VehicleC,1
1179,VehicleC,1
1181,VehicleC,1
1183,VehicleC,1
1185,VehicleC,1
1187,VehicleC,1
1189,VehicleC,1
1191,VehicleC,1
1193,VehicleC,1
1195,VehicleC,1
1197,VehicleC,1
1199,VehicleC,1
1201,VehicleC,1
1203,VehicleC,1
1205,VehicleC,1
1207,VehicleC,1
1209,VehicleC,1
1211,VehicleC,1
1213,VehicleC,1
1215,VehicleC,1
1217,VehicleC,1
1219,VehicleC,1
1221,VehicleC,1
1223,VehicleC,1
1225,VehicleC,1
1227,VehicleC,1
1229,VehicleC,1
1231,VehicleC,1
1233,VehicleC,1
1235,VehicleC,1
1237,VehicleC,1
1239,VehicleC,1
1241,VehicleC,1
1243,VehicleC,1
1245,VehicleC,1
1247,VehicleC,1
1249,VehicleC,1
1251,VehicleC,1
1253,VehicleC,1
1255,VehicleC,1
1257,VehicleC,1
1259,VehicleC,1
1261,VehicleC,1
1263,VehicleC,1
1265,VehicleC,1
1267,VehicleC,1
1269,VehicleC,1
1271,VehicleC,1
1273,VehicleC,1
1275,VehicleC,1
1277,VehicleC,1
1279,VehicleC,1
1281,VehicleC,1
1283,VehicleC,1
1285,VehicleC,1
1287,VehicleC,1
1289,VehicleC,1
1291,VehicleC,1
1293,VehicleC,1
1295,VehicleC,1
1297,VehicleC,1
1299,VehicleC,1
1301,VehicleC,1
1303,VehicleC,1
1305,VehicleC,1
1307,VehicleC,1
1309,VehicleC,1
1311,VehicleC,1
1313,VehicleC,1
1315,VehicleC,1
1317,VehicleC,1
1319,VehicleC,1
1321,VehicleC,1
1323,VehicleC,1
1325,VehicleC,1
1327,VehicleC,1
1329,VehicleC,1
1331,VehicleC,1
1333,VehicleC,1
1335,VehicleC,1
1337,VehicleC,1
1339,VehicleC,1
1341,VehicleC,1
1343,VehicleC,1
1345,VehicleC,1
1347,VehicleC,1
1349,VehicleC,1
1351,VehicleC,1
1353,VehicleC,1
1355,VehicleC,1
1357,VehicleC,1
1359,VehicleC,1
1361,VehicleC,1
1363,VehicleC,1
1365,VehicleC,1
1367,VehicleC,1
1369,VehicleC,1
1371,VehicleC,1
1373,VehicleC,1
1375,VehicleC,1
1377,VehicleC,1
1379,VehicleC,1
1381,VehicleC,1
1383,VehicleC,1
1385,VehicleC,1
1387,VehicleC,1
1389,VehicleC,1
1391,VehicleC,1
1393,VehicleC,1
1395,VehicleC,1
1397,VehicleC,1
1399,VehicleC,1
1401,VehicleC,1
1403,VehicleC,1
1405,VehicleC,1
1407,VehicleC,1
1409,VehicleC,1
1411,VehicleC,1
1413,VehicleC,1
1415,VehicleC,1
1417,VehicleC,1
1419,VehicleC,1
1421,VehicleC,1
1423,VehicleC,1
1425,VehicleC,1
1427,VehicleC,1
1429,VehicleC,1
1431,VehicleC,1
1433,VehicleC,1
1435,VehicleC,1
1437,VehicleC,1
1439,VehicleC,1
1441,VehicleC,1
1443,VehicleC,1
1445,VehicleC,1
1447,VehicleC,1
1449,VehicleC,1
1451,VehicleC,1
1453,VehicleC,1
1455,VehicleC,1
1457,VehicleC,1
1459,VehicleC,1
1461,VehicleC,1
1463,VehicleC,1
1465,VehicleC,1
1467,VehicleC,1
1469,VehicleC,1
1471,VehicleC,1
1473,VehicleC,1
1475,VehicleC,1
1477,VehicleC,1
1479,VehicleC,1
1481,VehicleC,1
1483,VehicleC,1
1485,VehicleC,1
1487,VehicleC,1
1489,VehicleC,1
1491,VehicleC,1
1493,VehicleC,1
1495,VehicleC,1
1497,VehicleC,1
1499,VehicleC,1
1501,VehicleC,1
1503,VehicleC,1
1505,VehicleC,1
1507,VehicleC,1
1509,VehicleC,1
1511,VehicleC,1
1513,VehicleC,1
1515,VehicleC,1
1517,VehicleC,1
1519,VehicleC,1
1521,VehicleC,1
1523,VehicleC,1
1525,VehicleC,1
1527,VehicleC,1
1529,VehicleC,1
1531,VehicleC,1
1533,VehicleC,1
1535,VehicleC,1
1537,VehicleC,1
1539,VehicleC,1
1541,VehicleC,1
1543,VehicleC,1
1545,VehicleC,1
1547,VehicleC,1
1549,VehicleC,1
1551,VehicleC,1
1553,VehicleC,1
1555,VehicleC,1
1557,VehicleC,1
1559,VehicleC,1
1561,VehicleC,1
1563,VehicleC,1
1565,VehicleC,1
1567,VehicleC,1
1569,VehicleC,1
1571,VehicleC,1
1573,VehicleC,1
1575,VehicleC,1
1577,VehicleC,1
1579,VehicleC,1
1581,VehicleC,1
1583,VehicleC,1
1585,VehicleC,1
1587,VehicleC,1
1589,VehicleC,1
1591,VehicleC,1
1593,VehicleC,1
1595,VehicleC,1
1597,VehicleC,1
1599,VehicleC,1
1601,VehicleC,1
1603,VehicleC,1
1605,VehicleC,1
1607,VehicleC,1
1609,VehicleC,1
1611,VehicleC,1
1613,VehicleC,1
1615,VehicleC,1
1617,VehicleC,1
1619,VehicleC,1
1621,VehicleC,1
1623,VehicleC,1
1625,VehicleC,1
1627,VehicleC,1
1629,VehicleC,1
1631,VehicleC,1
1633,VehicleC,1
1635,VehicleC,1
1637,VehicleC,1
1639,VehicleC,1
1641,VehicleC,1
1643,VehicleC,1
1645,VehicleC,1
1647,VehicleC,1
1649,VehicleC,1
1651,VehicleC,1
1653,VehicleC,1
1655,VehicleC,1
1657,VehicleC,1
1659,VehicleC,1
1661,VehicleC,1
1663,VehicleC,1
1665,VehicleC,1
1667,VehicleC,1
1669,VehicleC,1
1671,VehicleC,1
1673,VehicleC,1
1675,VehicleC,1
1677,VehicleC,1
1679,VehicleC,1
1681,VehicleC,1
1683,VehicleC,1
1685,VehicleC,1
1687,VehicleC,1
1689,VehicleC,1
1691,VehicleC,1
1693,VehicleC,1
1695,VehicleC,1
1697,VehicleC,1
1699,VehicleC,1
1701,VehicleC,1
1703,VehicleC,1
1705,VehicleC,1
1707,VehicleC,1
1709,VehicleC,1
1711,VehicleC,1
1713,VehicleC,1
1715,VehicleC,1
1717,VehicleC,1
1719,VehicleC,1
1721,VehicleC,1
1723,VehicleC,1
1725,VehicleC,1
1727,VehicleC,1
1729,VehicleC,1
1731,VehicleC,1
1733,VehicleC,1
1735,VehicleC,1
1737,VehicleC,1
1739,VehicleC,1
1741,VehicleC,1
1743,VehicleC,1
1745,VehicleC,1
1747,VehicleC,1
1749,VehicleC,1
1751,VehicleC,1
1753,VehicleC,1
1755,VehicleC,1
1757,VehicleC,1
1759,VehicleC,1
1761,VehicleC,1
1763,VehicleC,1
1765,VehicleC,1
1767,VehicleC,1
1769,VehicleC,1
1771,VehicleC,1
1773,VehicleC,1
1775,VehicleC,1
1777,VehicleC,1
1779,VehicleC,1
1781,VehicleC,1
1783,VehicleC,1
1785,VehicleC,1
1787,VehicleC,1
1789,VehicleC,1
1791,VehicleC,1
1793,VehicleC,1
1795,VehicleC,1
1797,VehicleC,1
1799,VehicleC,1
1801,VehicleC,1
1803,VehicleC,1
1805,VehicleC,1
1807,VehicleC,1
1809,VehicleC,1
1811,VehicleC,1
1813,VehicleC,1
1815,VehicleC,1
1817,VehicleC,1
1819,VehicleC,1
1821,VehicleC,1
1823,VehicleC,1
1825,VehicleC,1
1827,VehicleC,1
1829,VehicleC,1
1831,VehicleC,1
1833,VehicleC,1
1835,VehicleC,1
1837,VehicleC,1
1839,VehicleC,1
1841,VehicleC,1
1843,VehicleC,1
1845,VehicleC,1
1847,VehicleC,1
1849,VehicleC,1
1851,VehicleC,1
1853,VehicleC,1
1855,VehicleC,1
1857,VehicleC,1
1859,VehicleC,1
1861,VehicleC,1
1863,VehicleC,1
1865,VehicleC,1
1867,VehicleC,1
1869,VehicleC,1
1871,VehicleC,1
1873,VehicleC,1
1875,VehicleC,1
1877,VehicleC,1
1879,VehicleC,1
1881,VehicleC,1
1883,VehicleC,1
1885,VehicleC,1
1887,VehicleC,1
1889,VehicleC,1
1891,VehicleC,1
1893,VehicleC,1
1895,VehicleC,1
1897,VehicleC,1
1899,VehicleC,1
1901,VehicleC,1
1903,VehicleC,1
1905,VehicleC,1
1907,VehicleC,1
1909,VehicleC,1
1911,VehicleC,1
1913,VehicleC,1
1915,VehicleC,1
1917,VehicleC,1
1919,VehicleC,1
1921,VehicleC,1
1923,VehicleC,1
1925,VehicleC,1
1927,VehicleC,1
1929,VehicleC,1
1931,VehicleC,1
1933,VehicleC,1
1935,VehicleC,1
1937,VehicleC,1
1939,VehicleC,1
1941,VehicleC,1
1943,VehicleC,1
1945,VehicleC,1
1947,VehicleC,1
1949,VehicleC,1
1951,VehicleC,1
1953,VehicleC,1
1955,VehicleC,1
1957,VehicleC,1
1959,VehicleC,1
1961,VehicleC,1
1963,VehicleC,1
1965,VehicleC,1
1967,VehicleC,1
1969,VehicleC,1
1971,VehicleC,1
1973,VehicleC,1
1975,VehicleC,1
1977,VehicleC,1
1979,VehicleC,1
1981,VehicleC,1
1983,VehicleC,1
1985,VehicleC,1
1987,VehicleC,1
1989,VehicleC,1
1991,VehicleC,1
1993,VehicleC,1
1995,VehicleC,1
1997,VehicleC,1
1999,VehicleC,1
2001,VehicleC,1
2003,VehicleC,1
2005,VehicleC,1
2007,VehicleC,1
2009,VehicleC,1
2011,VehicleC,1
2013,VehicleC,1
2015,VehicleC,1
2017,VehicleC,1
2019,VehicleC,1
2021,VehicleC,1
2023,VehicleC,1
2025,VehicleC,1
2027,VehicleC,1
2029,VehicleC,1
2031,VehicleC,1
2033,VehicleC,1
2035,VehicleC,1
2037,VehicleC,1
2039,VehicleC,1
2041,VehicleC,1
2043,VehicleC,1
2045,VehicleC,1
2047,VehicleC,1
2049,VehicleC,1
2051,VehicleC,1
2053,VehicleC,1
2055,VehicleC,1
2057,VehicleC,1
2059,VehicleC,1
2061,VehicleC,1
2063,VehicleC,1
2065,VehicleC,1
2067,VehicleC,1
2069,VehicleC,1
2071,VehicleC,1
2073,VehicleC,1
2075,VehicleC,1
2077,VehicleC,1
2079,VehicleC,1
2081,VehicleC,1
2083,VehicleC,1
2085,VehicleC,1
2087,VehicleC,1
2089,VehicleC,1
2091,VehicleC,1
2093,VehicleC,1
2095,VehicleC,1
2097,VehicleC,1
2099,VehicleC,1
2101,VehicleC,1
2103,VehicleC,1
2105,VehicleC,1
2107,VehicleC,1
2109,VehicleC,1
2111,VehicleC,1
2113,VehicleC,1
2115,VehicleC,1
2117,VehicleC,1
2119,VehicleC,1
2121,VehicleC,1
2123,VehicleC,1
2125,VehicleC,1
2127,VehicleC,1
2129,VehicleC,1
2131,VehicleC,1
2133,VehicleC,1
2135,VehicleC,1
2137,VehicleC,1
2139,VehicleC,1
2141,VehicleC,1
2143,VehicleC,1
2145,VehicleC,1
2147,VehicleC,1
2149,VehicleC,1
2151,VehicleC,1
2153,VehicleC,1
2155,VehicleC,1
2157,VehicleC,1
2159,VehicleC,1
2161,VehicleC,1
2163,VehicleC,1
2165,VehicleC,1
2167,VehicleC,1
2169,VehicleC,1
2171,VehicleC,1
2173,VehicleC,1
2175,VehicleC,1
2177,VehicleC,1
2179,VehicleC,1
2181,VehicleC,1
2183,VehicleC,1
2185,VehicleC,1
2187,VehicleC,1
2189,VehicleC,1
2191,VehicleC,1
2193,VehicleC,1
2195,VehicleC,1
2197,VehicleC,1
2199,VehicleC,1
2201,VehicleC,1
2203,VehicleC,1
2205,VehicleC,1
2207,VehicleC,1
2209,VehicleC,1
2211,VehicleC,1
2213,VehicleC,1
2215,VehicleC,1
2217,VehicleC,1
2219,VehicleC,1
2221,VehicleC,1
2223,VehicleC,1
2225,VehicleC,1
2227,VehicleC,1
2229,VehicleC,1
2231,VehicleC,1
2233,VehicleC,1
2235,VehicleC,1
2237,VehicleC,1
2239,VehicleC,1
2241,VehicleC,1
2243,VehicleC,1
2245,VehicleC,1
2247,VehicleC,1
2249,VehicleC,1
2251,VehicleC,1
2253,VehicleC,1
2255,VehicleC,1
2257,VehicleC,1
2259,VehicleC,1
2261,VehicleC,1
2263,VehicleC,1
2265,VehicleC,1
2267,VehicleC,1
2269,VehicleC,1
2271,VehicleC,1
2273,VehicleC,1
2275,VehicleC,1
2277,VehicleC,1
2279,VehicleC,1
2281,VehicleC,1
2283,VehicleC,1
2285,VehicleC,1
2287,VehicleC,1
2289,VehicleC,1
2291,VehicleC,1
2293,VehicleC,1
2295,VehicleC,1
2297,VehicleC,1
2299,VehicleC,1
2301,VehicleC,1
2303,VehicleC,1
2305,VehicleC,1
2307,VehicleC,1
2309,VehicleC,1
2311,VehicleC,1
2313,VehicleC,1
2315,VehicleC,1
2317,VehicleC,1
2319,VehicleC,1
2321,VehicleC,1
2323,VehicleC,1
2325,VehicleC,1
2327,VehicleC,1
2329,VehicleC,1
2331,VehicleC,1
2333,VehicleC,1
2335,VehicleC,1
2337,VehicleC,1
2339,VehicleC,1
2341,VehicleC,1
2343,VehicleC,1
2345,VehicleC,1
2347,VehicleC,1
2349,VehicleC,1
2351,VehicleC,1
2353,VehicleC,1
2355,VehicleC,1
2357,VehicleC,1
2359,VehicleC,1
2361,VehicleC,1
2363,VehicleC,1
2365,VehicleC,1
2367,VehicleC,1
2369,VehicleC,1
2371,VehicleC,1
2373,VehicleC,1
2375,VehicleC,1
2377,VehicleC,1
2379,VehicleC,1
2381,VehicleC,1
2383,VehicleC,1
2385,VehicleC,1
2387,VehicleC,1
2389,VehicleC,1
2391,VehicleC,1
2393,VehicleC,1
2395,VehicleC,1
2397,VehicleC,1
2399,VehicleC,1
2401,VehicleC,1
2403,VehicleC,1
2405,VehicleC,1
2407,VehicleC,1
2409,VehicleC,1
2411,VehicleC,1
2413,VehicleC,1
2415,VehicleC,1
2417,VehicleC,1
2419,VehicleC,1
2421,VehicleC,1
2423,VehicleC,1
2425,VehicleC,1
2427,VehicleC,1
2429,VehicleC,1
2431,VehicleC,1
2433,VehicleC,1
2435,VehicleC,1
2437,VehicleC,1
2439,VehicleC,1
2441,VehicleC,1
2443,VehicleC,1
2445,VehicleC,1
2447,VehicleC,1
2449,VehicleC,1
2451,VehicleC,1
2453,VehicleC,1
2455,VehicleC,1
2457,VehicleC,1
2459,VehicleC,1
2461,VehicleC,1
2463,VehicleC,1
2465,VehicleC,1
2467,VehicleC,1
2469,VehicleC,1
2471,VehicleC,1
2473,VehicleC,1
2475,VehicleC,1
2477,VehicleC,1
2479,VehicleC,1
2481,VehicleC,1
2483,VehicleC,1
2485,VehicleC,1
2487,VehicleC,1
2489,VehicleC,1
2491,VehicleC,1
2493,VehicleC,1
2495,VehicleC,1
2497,VehicleC,1
2499,VehicleC,1
2501,VehicleC,1
2503,VehicleC,1
2505,VehicleC,1
2507,VehicleC,1
2509,VehicleC,1
2511,VehicleC,1
2513,VehicleC,1
2515,VehicleC,1
2517,VehicleC,1
2519,VehicleC,1
2521,VehicleC,1
2523,VehicleC,1
2525,VehicleC,1
2527,VehicleC,1
2529,VehicleC,1
2531,VehicleC,1
2533,VehicleC,1
2535,VehicleC,1
2537,VehicleC,1
2539,VehicleC,1
2541,VehicleC,1
2543,VehicleC,1
2545,VehicleC,1
2547,VehicleC,1
2549,VehicleC,1
2551,VehicleC,1
2553,VehicleC,1
2555,VehicleC,1
2557,VehicleC,1
2559,VehicleC,1
2561,VehicleC,1
2563,VehicleC,1
2565,VehicleC,1
2567,VehicleC,1
2569,VehicleC,1
2571,VehicleC,1
2573,VehicleC,1
2575,VehicleC,1
2577,VehicleC,1
2579,VehicleC,1
2581,VehicleC,1
2583,VehicleC,1
2585,VehicleC,1
2587,VehicleC,1
2589,VehicleC,1
2591,VehicleC,1
2593,VehicleC,1
2595,VehicleC,1
2597,VehicleC,1
2599,VehicleC,1
2601,VehicleC,1
2603,VehicleC,1
2605,VehicleC,1
2607,VehicleC,1
2609,VehicleC,1
2611,VehicleC,1
2613,VehicleC,1
2615,VehicleC,1
2617,VehicleC,1
2619,VehicleC,1
2621,VehicleC,1
2623,VehicleC,1
2625,VehicleC,1
2627,VehicleC,1
2629,VehicleC,1
2631,VehicleC,1
2633,VehicleC,1
2635,VehicleC,1
2637,VehicleC,1
2639,VehicleC,1
2641,VehicleC,1
2643,VehicleC,1
2645,VehicleC,1
2647,VehicleC,1
2649,VehicleC,1
2651,VehicleC,1
2653,VehicleC,1
2655,VehicleC,1
2657,VehicleC,1
2659,VehicleC,1
2661,VehicleC,1
2663,VehicleC,1
2665,VehicleC,1
2667,VehicleC,1
2669,VehicleC,1
2671,VehicleC,1
2673,VehicleC,1
2675,VehicleC,1
2677,VehicleC,1
2679,VehicleC,1
2681,VehicleC,1
2683,VehicleC,1
2685,VehicleC,1
2687,VehicleC,1
2689,VehicleC,1
2691,VehicleC,1
2693,VehicleC,1
2695,VehicleC,1
2697,VehicleC,1
2699,VehicleC,1
2701,VehicleC,1
2703,VehicleC,1
2705,VehicleC,1
2707,VehicleC,1
2709,VehicleC,1
2711,VehicleC,1
2713,VehicleC,1
2715,VehicleC,1
2717,VehicleC,1
2719,VehicleC,1
2721,VehicleC,1
2723,VehicleC,1
2725,VehicleC,1
2727,VehicleC,1
2729,VehicleC,1
2731,VehicleC,1
2733,VehicleC,1
2735,VehicleC,1
2737,VehicleC,1
2739,VehicleC,1
2741,VehicleC,1
2743,VehicleC,1
2745,VehicleC,1
2747,VehicleC,1
2749,VehicleC,1
2751,VehicleC,1
2753,VehicleC,1
2755,VehicleC,1
2757,VehicleC,1
2759,VehicleC,1
2761,VehicleC,1
2763,VehicleC,1
2765,VehicleC,1
2767,VehicleC,1
2769,VehicleC,1
2771,VehicleC,1
2773,VehicleC,1
2775,VehicleC,1
2777,VehicleC,1
2779,VehicleC,1
2781,VehicleC,1
2783,VehicleC,1
2785,VehicleC,1
2787,VehicleC,1
2789,VehicleC,1
2791,VehicleC,1
2793,VehicleC,1
2795,VehicleC,1
2797,VehicleC,1
2799,VehicleC,1
2801,VehicleC,1
2803,VehicleC,1
2805,VehicleC,1
2807,VehicleC,1
2809,VehicleC,1
2811,VehicleC,1
2813,VehicleC,1
2815,VehicleC,1
2817,VehicleC,1
2819,VehicleC,1
2821,VehicleC,1
2823,VehicleC,1
2825,VehicleC,1
2827,VehicleC,1
2829,VehicleC,1
2831,VehicleC,1
2833,VehicleC,1
2835,VehicleC,1
2837,VehicleC,1
2839,VehicleC,1
2841,VehicleC,1
2843,VehicleC,1
2845,VehicleC,1
2847,VehicleC,1
2849,VehicleC,1
2851,VehicleC,1
2853,VehicleC,1
2855,VehicleC,1
2857,VehicleC,1
2859,VehicleC,1
2861,VehicleC,1
2863,VehicleC,1
2865,VehicleC,1
2867,VehicleC,1
2869,VehicleC,1
2871,VehicleC,1
2873,VehicleC,1
2875,VehicleC,1
2877,VehicleC,1
2879,VehicleC,1
2881,VehicleC,1
2883,VehicleC,1
2885,VehicleC,1
2887,VehicleC,1
2889,VehicleC,1
2891,VehicleC,1
2893,VehicleC,1
2895,VehicleC,1
2897,VehicleC,1
2899,VehicleC,1
2901,VehicleC,1
2903,VehicleC,1
2905,VehicleC,1
2907,VehicleC,1
2909,VehicleC,1
2911,VehicleC,1
2913,VehicleC,1
2915,VehicleC,1
2917,VehicleC,1
2919,VehicleC,1
2921,VehicleC,1
2923,VehicleC,1
2925,VehicleC,1
2927,VehicleC,1
2929,VehicleC,1
2931,VehicleC,1
2933,VehicleC,1
2935,VehicleC,1
2937,VehicleC,1
2939,VehicleC,1
2941,VehicleC,1
2943,VehicleC,1
2945,VehicleC,1
2947,VehicleC,1
2949,VehicleC,1
2951,VehicleC,1
2953,VehicleC,1
2955,VehicleC,1
2957,VehicleC,1
2959,VehicleC,1
2961,VehicleC,1
2963,VehicleC,1
2965,VehicleC,1
2967,VehicleC,1
2969,VehicleC,1
2971,VehicleC,1
2973,VehicleC,1
2975,VehicleC,1
2977,VehicleC,1
2979,VehicleC,1
2981,VehicleC,1
2983,VehicleC,1
2985,VehicleC,1
2987,VehicleC,1
2989,VehicleC,1
2991,VehicleC,1
2993,VehicleC,1
2995,VehicleC,1
2997,VehicleC,1
2999,VehicleC,1
3001,VehicleC,1
3003,VehicleC,1
3005,VehicleC,1
3007,VehicleC,1
3009,VehicleC,1
3011,VehicleC,1
3013,VehicleC,1
3015,VehicleC,1
3017,VehicleC,1
3019,VehicleC,1
3021,VehicleC,1
3023,VehicleC,1
3025,VehicleC,1
3027,VehicleC,1
3029,VehicleC,1
3031,VehicleC,1
3033,VehicleC,1
3035,VehicleC,1
3037,VehicleC,1
3039,VehicleC,1
3041,VehicleC,1
3043,VehicleC,1
3045,VehicleC,1
3047,VehicleC,1
3049,VehicleC,1
3051,VehicleC,1
3053,VehicleC,1
3055,VehicleC,1
3057,VehicleC,1
3059,VehicleC,1
3061,VehicleC,1
3063,VehicleC,1
3065,VehicleC,1
3067,VehicleC,1
3069,VehicleC,1
3071,VehicleC,1
3073,VehicleC,1
3075,VehicleC,1
3077,VehicleC,1
3079,VehicleC,1
3081,VehicleC,1
3083,VehicleC,1
3085,VehicleC,1
3087,VehicleC,1
3089,VehicleC,1
3091,VehicleC,1
3093,VehicleC,1
3095,VehicleC,1
3097,VehicleC,1
3099,VehicleC,1
3101,VehicleC,1
3103,VehicleC,1
3105,VehicleC,1
3107,VehicleC,1
3109,VehicleC,1
3111,VehicleC,1
3113,VehicleC,1
3115,VehicleC,1
3117,VehicleC,1
3119,VehicleC,1
3121,VehicleC,1
3123,VehicleC,1
3125,VehicleC,1
3127,VehicleC,1
3129,VehicleC,1
3131,VehicleC,1
3133,VehicleC,1
3135,VehicleC,1
3137,VehicleC,1
3139,VehicleC,1
3141,VehicleC,1
3143,VehicleC,1
3145,VehicleC,1
3147,VehicleC,1
3149,VehicleC,1
3151,VehicleC,1
3153,VehicleC,1
3155,VehicleC,1
3157,VehicleC,1
3159,VehicleC,1
3161,VehicleC,1
3163,VehicleC,1
3165,VehicleC,1
3167,VehicleC,1
3169,VehicleC,1
3171,VehicleC,1
3173,VehicleC,1
3175,VehicleC,1
3177,VehicleC,1
3179,VehicleC,1
3181,VehicleC,1
3183,VehicleC,1
3185,VehicleC,1
3187,VehicleC,1
3189,VehicleC,1
3191,VehicleC,1
3193,VehicleC,1
3195,VehicleC,1
3197,VehicleC,1
3199,VehicleC,1
3201,VehicleC,1
3203,VehicleC,1
3205,VehicleC,1
3207,VehicleC,1
3209,VehicleC,1
3211,VehicleC,1
3213,VehicleC,1
3215,VehicleC,1
3217,VehicleC,1
3219,VehicleC,1
3221,VehicleC,1
3223,VehicleC,1
3225,VehicleC,1
3227,VehicleC,1
3229,VehicleC,1
3231,VehicleC,1
3233,VehicleC,1
3235,VehicleC,1
3237,VehicleC,1
3239,VehicleC,1
3241,VehicleC,1
3243,VehicleC,1
3245,VehicleC,1
3247,VehicleC,1
3249,VehicleC,1
3251,VehicleC,1
3253,VehicleC,1
3255,VehicleC,1
3257,VehicleC,1
3259,VehicleC,1
3261,VehicleC,1
3263,VehicleC,1
3265,VehicleC,1
3267,VehicleC,1
3269,VehicleC,1
3271,VehicleC,1
3273,VehicleC,1
3275,VehicleC,1
3277,VehicleC,1
3279,VehicleC,1
3281,VehicleC,1
3283,VehicleC,1
3285,VehicleC,1
3287,VehicleC,1
3289,VehicleC,1
3291,VehicleC,1
3293,VehicleC,1
3295,VehicleC,1
3297,VehicleC,1
3299,VehicleC,1
3301,VehicleC,1
3303,VehicleC,1
3305,VehicleC,1
3307,VehicleC,1
3309,VehicleC,1
3311,VehicleC,1
3313,VehicleC,1
3315,VehicleC,1
3317,VehicleC,1
3319,VehicleC,1
3321,VehicleC,1
3323,VehicleC,1
3325,VehicleC,1
3327,VehicleC,1
3329,VehicleC,1
3331,VehicleC,1
3333,VehicleC,1
3335,VehicleC,1
3337,VehicleC,1
3339,VehicleC,1
3341,VehicleC,1
3343,VehicleC,1
3345,VehicleC,1
3347,VehicleC,1
3349,VehicleC,1
3351,VehicleC,1
3353,VehicleC,1
3355,VehicleC,1
3357,VehicleC,1
3359,VehicleC,1
3361,VehicleC,1
3363,VehicleC,1
3365,VehicleC,1
3367,VehicleC,1
3369,VehicleC,1
3371,VehicleC,1
3373,VehicleC,1
3375,VehicleC,1
3377,VehicleC,1
3379,VehicleC,1
3381,VehicleC,1
3383,VehicleC,1
3385,VehicleC,1
3387,VehicleC,1
3389,VehicleC,1
3391,VehicleC,1
3393,VehicleC,1
3395,VehicleC,1
3397,VehicleC,1
3399,VehicleC,1
3401,VehicleC,1
3403,VehicleC,1
3405,VehicleC,1
3407,VehicleC,1
3409,VehicleC,1
3411,VehicleC,1
3413,VehicleC,1
3415,VehicleC,1
3417,VehicleC,1
3419,VehicleC,1
3421,VehicleC,1
3423,VehicleC,1
3425,VehicleC,1
3427,VehicleC,1
3429,VehicleC,1
3431,VehicleC,1
3433,VehicleC,1
3435,VehicleC,1
3437,VehicleC,1
3439,VehicleC,1
3441,VehicleC,1
3443,VehicleC,1
3445,VehicleC,1
3447,VehicleC,1
3449,VehicleC,1
3451,VehicleC,1
3453,VehicleC,1
3455,VehicleC,1
3457,VehicleC,1
3459,VehicleC,1
3461,VehicleC,1
3463,VehicleC,1
3465,VehicleC,1
3467,VehicleC,1
3469,VehicleC,1
3471,VehicleC,1
3473,VehicleC,1
3475,VehicleC,1
3477,VehicleC,1
3479,VehicleC,1
3481,VehicleC,1
3483,VehicleC,1
3485,VehicleC,1
3487,VehicleC,1
3489,VehicleC,1
3491,VehicleC,1
3493,VehicleC,1
3495,VehicleC,1
3497,VehicleC,1
3499,VehicleC,1
3501,VehicleC,1
3503,VehicleC,1
3505,VehicleC,1
3507,VehicleC,1
3509,VehicleC,1
3511,VehicleC,1
3513,VehicleC,1
3515,VehicleC,1
3517,VehicleC,1
3519,VehicleC,1
3521,VehicleC,1
3523,VehicleC,1
3525,VehicleC,1
3527,VehicleC,1
3529,VehicleC,1
3531,VehicleC,1
3533,VehicleC,1
3535,VehicleC,1
3537,VehicleC,1
3539,VehicleC,1
3541,VehicleC,1
3543,VehicleC,1
3545,VehicleC,1
3547,VehicleC,1
3549,VehicleC,1
3551,VehicleC,1
3553,VehicleC,1
3555,VehicleC,1
3557,VehicleC,1
3559,VehicleC,1
3561,VehicleC,1
3563,VehicleC,1
3565,VehicleC,1
3567,VehicleC,1
3569,VehicleC,1
3571,VehicleC,1
3573,VehicleC,1
3575,VehicleC,1
3577,VehicleC,1
3579,VehicleC,1
3581,VehicleC,1
3583,VehicleC,1
3585,VehicleC,1
3587,VehicleC,1
3589,VehicleC,1
3591,VehicleC,1
3593,VehicleC,1
3595,VehicleC,1
3597,VehicleC,1
3599,VehicleC,1
3601,VehicleC,1
3603,VehicleC,1
3605,VehicleC,1
3607,VehicleC,1
3609,VehicleC,1
3611,VehicleC,1
3613,VehicleC,1
3615,VehicleC,1
3617,VehicleC,1
3619,VehicleC,1
3621,VehicleC,1
3623,VehicleC,1
3625,VehicleC,1
3627,VehicleC,1
3629,VehicleC,1
3631,VehicleC,1
3633,VehicleC,1
3635,VehicleC,1
3637,VehicleC,1
3639,VehicleC,1
3641,VehicleC,1
3643,VehicleC,1
3645,VehicleC,1
3647,VehicleC,1
3649,VehicleC,1
3651,VehicleC,1
3653,VehicleC,1
3655,VehicleC,1
3657,VehicleC,1
3659,VehicleC,1
3661,VehicleC,1
3663,VehicleC,1
3665,VehicleC,1
3667,VehicleC,1
3669,VehicleC,1
3671,VehicleC,1
3673,VehicleC,1
3675,VehicleC,1
3677,VehicleC,1
3679,VehicleC,1
3681,VehicleC,1
3683,VehicleC,1
3685,VehicleC,1
3687,VehicleC,1
3689,VehicleC,1
3691,VehicleC,1
3693,VehicleC,1
3695,VehicleC,1
3697,VehicleC,1
3699,VehicleC,1
3701,VehicleC,1
3703,VehicleC,1
3705,VehicleC,1
3707,VehicleC,1
3709,VehicleC,1
3711,VehicleC,1
3713,VehicleC,1
3715,VehicleC,1
3717,VehicleC,1
3719,VehicleC,1
3721,VehicleC,1
3723,VehicleC,1
3725,VehicleC,1
3727,VehicleC,1
3729,VehicleC,1
3731,VehicleC,1
3733,VehicleC,1
3735,VehicleC,1
3737,VehicleC,1
3739,VehicleC,1
3741,VehicleC,1
3743,VehicleC,1
3745,VehicleC,1
3747,VehicleC,1
3749,VehicleC,1
3751,VehicleC,1
3753,VehicleC,1
3755,VehicleC,1
3757,VehicleC,1
3759,VehicleC,1
3761,VehicleC,1
3763,VehicleC,1
3765,VehicleC,1
3767,VehicleC,1
3769,VehicleC,1
3771,VehicleC,1
3773,VehicleC,1
3775,VehicleC,1
3777,VehicleC,1
3779,VehicleC,1
3781,VehicleC,1
3783,VehicleC,1
3785,VehicleC,1
3787,VehicleC,1
3789,VehicleC,1
3791,VehicleC,1
3793,VehicleC,1
3795,VehicleC,1
3797,VehicleC,1
3799,VehicleC,1
3801,VehicleC,1
3803,VehicleC,1
3805,VehicleC,1
3807,VehicleC,1
3809,VehicleC,1
3811,VehicleC,1
3813,VehicleC,1
3815,VehicleC,1
3817,VehicleC,1
3819,VehicleC,1
3821,VehicleC,1
3823,VehicleC,1
3825,VehicleC,1
3827,VehicleC,1
3829,VehicleC,1
3831,VehicleC,1
3833,VehicleC,1
3835,VehicleC,1
3837,VehicleC,1
3839,VehicleC,1
3841,VehicleC,1
3843,VehicleC,1
3845,VehicleC,1
3847,VehicleC,1
3849,VehicleC,1
3851,VehicleC,1
3853,VehicleC,1
3855,VehicleC,1
3857,VehicleC,1
3859,VehicleC,1
3861,VehicleC,1
3863,VehicleC,1
3865,VehicleC,1
3867,VehicleC,1
3869,VehicleC,1
3871,VehicleC,1
3873,VehicleC,1
3875,VehicleC,1
3877,VehicleC,1
3879,VehicleC,1
3881,VehicleC,1
3883,VehicleC,1
3885,VehicleC,1
3887,VehicleC,1
3889,VehicleC,1
3891,VehicleC,1
3893,VehicleC,1
3895,VehicleC,1
3897,VehicleC,1
3899,VehicleC,1
3901,VehicleC,1
3903,VehicleC,1
3905,VehicleC,1
3907,VehicleC,1
3909,VehicleC,1
3911,VehicleC,1
3913,VehicleC,1
3915,VehicleC,1
3917,VehicleC,1
3919,VehicleC,1
3921,VehicleC,1
3923,VehicleC,1
3925,VehicleC,1
3927,VehicleC,1
3929,VehicleC,1
3931,VehicleC,1
3933,VehicleC,1
3935,VehicleC,1
3937,VehicleC,1
3939,VehicleC,1
3941,VehicleC,1
3943,VehicleC,1
3945,VehicleC,1
3947,VehicleC,1
3949,VehicleC,1
3951,VehicleC,1
3953,VehicleC,1
3955,VehicleC,1
3957,VehicleC,1
3959,VehicleC,1
3961,VehicleC,1
3963,VehicleC,1
3965,VehicleC,1
3967,VehicleC,1
3969,VehicleC,1
3971,VehicleC,1
3973,VehicleC,1
3975,VehicleC,1
3977,VehicleC,1
3979,VehicleC,1
3981,VehicleC,1
3983,VehicleC,1
3985,VehicleC,1
3987,VehicleC,1
3989,VehicleC,1
3991,VehicleC,1
3993,VehicleC,1
3995,VehicleC,1
3997,VehicleC,1
3999,VehicleC,1
4001,VehicleC,1
4003,VehicleC,1
4005,VehicleC,1
4007,VehicleC,1
4009,VehicleC,1
4011,VehicleC,1
4013,VehicleC,1
4015,VehicleC,1
4017,VehicleC,1
4019,VehicleC,1
4021,VehicleC,1
4023,VehicleC,1
4025,VehicleC,1
4027,VehicleC,1
4029,VehicleC,1
4031,VehicleC,1
4033,VehicleC,1
4035,VehicleC,1
4037,VehicleC,1
4039,VehicleC,1
4041,VehicleC,1
4043,VehicleC,1
4045,VehicleC,1
4047,VehicleC,1
4049,VehicleC,1
4051,VehicleC,1
4053,VehicleC,1
4055,VehicleC,1
4057,VehicleC,1
4059,VehicleC,1
4061,VehicleC,1
4063,VehicleC,1
4065,VehicleC,1
4067,VehicleC,1
4069,VehicleC,1
4071,VehicleC,1
4073,VehicleC,1
4075,VehicleC,1
4077,VehicleC,1
4079,VehicleC,1
4081,VehicleC,1
4083,VehicleC,1
4085,VehicleC,1
4087,VehicleC,1
4089,VehicleC,1
4091,VehicleC,1
4093,VehicleC,1
4095,VehicleC,1
4097,VehicleC,1
4099,VehicleC,1
4101,VehicleC,1
4103,VehicleC,1
4105,VehicleC,1
4107,VehicleC,1
4109,VehicleC,1
4111,VehicleC,1
4113,VehicleC,1
4115,VehicleC,1
4117,VehicleC,1
4119,VehicleC,1
4121,VehicleC,1
4123,VehicleC,1
4125,VehicleC,1
4127,VehicleC,1
4129,VehicleC,1
4131,VehicleC,1
4133,VehicleC,1
4135,VehicleC,1
4137,VehicleC,1
4139,VehicleC,1
4141,VehicleC,1
4143,VehicleC,1
4145,VehicleC,1
4147,VehicleC,1
4149,VehicleC,1
4151,VehicleC,1
4153,VehicleC,1
4155,VehicleC,1
4157,VehicleC,1
4159,VehicleC,1
4161,VehicleC,1
4163,VehicleC,1
4165,VehicleC,1
4167,VehicleC,1
4169,VehicleC,1
4171,VehicleC,1
4173,VehicleC,1
4175,VehicleC,1
4177,VehicleC,1
4179,VehicleC,1
4181,VehicleC,1
4183,VehicleC,1
4185,VehicleC,1
4187,VehicleC,1
4189,VehicleC,1
4191,VehicleC,1
4193,VehicleC,1
4195,VehicleC,1
4197,VehicleC,1
4199,VehicleC,1
4201,VehicleC,1
4203,VehicleC,1
4205,VehicleC,1
4207,VehicleC,1
4209,VehicleC,1
4211,VehicleC,1
4213,VehicleC,1
4215,VehicleC,1
4217,VehicleC,1
4219,VehicleC,1
4221,VehicleC,1
4223,VehicleC,1
4225,VehicleC,1
4227,VehicleC,1
4229,VehicleC,1
4231,VehicleC,1
4233,VehicleC,1
4235,VehicleC,1
4237,VehicleC,1
4239,VehicleC,1
4241,VehicleC,1
4243,VehicleC,1
4245,VehicleC,1
4247,VehicleC,1
4249,VehicleC,1
4251,VehicleC,1
4253,VehicleC,1
4255,VehicleC,1
4257,VehicleC,1
4259,VehicleC,1
4261,VehicleC,1
4263,VehicleC,1
4265,VehicleC,1
4267,VehicleC,1
4269,VehicleC,1
4271,VehicleC,1
4273,VehicleC,1
4275,VehicleC,1
4277,VehicleC,1
4279,VehicleC,1
4281,VehicleC,1
4283,VehicleC,1
4285,VehicleC,1
4287,VehicleC,1
4289,VehicleC,1
4291,VehicleC,1
4293,VehicleC,1
4295,VehicleC,1
4297,VehicleC,1
4299,VehicleC,1
4301,VehicleC,1
4303,VehicleC,1
4305,VehicleC,1
4307,VehicleC,1
4309,VehicleC,1
4311,VehicleC,1
4313,VehicleC,1
4315,VehicleC,1
4317,VehicleC,1
4319,VehicleC,1
4321,VehicleC,1
4323,VehicleC,1
4325,VehicleC,1
4327,VehicleC,1
4329,VehicleC,1
4331,VehicleC,1
4333,VehicleC,1
4335,VehicleC,1
4337,VehicleC,1
4339,VehicleC,1
4341,VehicleC,1
4343,VehicleC,1
4345,VehicleC,1
4347,VehicleC,1
4349,VehicleC,1
4351,VehicleC,1
4353,VehicleC,1
4355,VehicleC,1
4357,VehicleC,1
4359,VehicleC,1
4361,VehicleC,1
4363,VehicleC,1
4365,VehicleC,1
4367,VehicleC,1
4369,VehicleC,1
4371,VehicleC,1
4373,VehicleC,1
4375,VehicleC,1
4377,VehicleC,1
4379,VehicleC,1
4381,VehicleC,1
4383,VehicleC,1
4385,VehicleC,1
4387,VehicleC,1
4389,VehicleC,1
4391,VehicleC,1
4393,VehicleC,1
4395,VehicleC,1
4397,VehicleC,1
4399,VehicleC,1
4401,VehicleC,1
4403,VehicleC,1
4405,VehicleC,1
4407,VehicleC,1
4409,VehicleC,1
4411,VehicleC,1
4413,VehicleC,1
4415,VehicleC,1
4417,VehicleC,1
4419,VehicleC,1
4421,VehicleC,1
4423,VehicleC,1
4425,VehicleC,1
4427,VehicleC,1
4429,VehicleC,1
4431,VehicleC,1
4433,VehicleC,1
4435,VehicleC,1
4437,VehicleC,1
4439,VehicleC,1
4441,VehicleC,1
4443,VehicleC,1
4445,VehicleC,1
4447,VehicleC,1
4449,VehicleC,1
4451,VehicleC,1
4453,VehicleC,1
4455,VehicleC,1
4457,VehicleC,1
4459,VehicleC,1
4461,VehicleC,1
4463,VehicleC,1
4465,VehicleC,1
4467,VehicleC,1
4469,VehicleC,1
4471,VehicleC,1
4473,VehicleC,1
4475,VehicleC,1
4477,VehicleC,1
4479,VehicleC,1
4481,VehicleC,1
4483,VehicleC,1
4485,VehicleC,1
4487,VehicleC,1
4489,VehicleC,1
4491,VehicleC,1
4493,VehicleC,1
4495,VehicleC,1
4497,VehicleC,1
4499,VehicleC,1
4501,VehicleC,1
4503,VehicleC,1
4505,VehicleC,1
4507,VehicleC,1
4509,VehicleC,1
4511,VehicleC,1
4513,VehicleC,1
4515,VehicleC,1
4517,VehicleC,1
4519,VehicleC,1
4521,VehicleC,1
4523,VehicleC,1
4525,VehicleC,1
4527,VehicleC,1
4529,VehicleC,1
4531,VehicleC,1
4533,VehicleC,1
4535,VehicleC,1
4537,VehicleC,1
4539,VehicleC,1
4541,VehicleC,1
4543,VehicleC,1
4545,VehicleC,1
4547,VehicleC,1
4549,VehicleC,1
4551,VehicleC,1
4553,VehicleC,1
4555,VehicleC,1
4557,VehicleC,1
4559,VehicleC,1
4561,VehicleC,1
4563,VehicleC,1
4565,VehicleC,1
4567,VehicleC,1
4569,VehicleC,1
4571,VehicleC,1
4573,VehicleC,1
4575,VehicleC,1
4577,VehicleC,1
4579,VehicleC,1
4581,VehicleC,1
4583,VehicleC,1
4585,VehicleC,1
4587,VehicleC,1
4589,VehicleC,1
4591,VehicleC,1
4593,VehicleC,1
4595,VehicleC,1
4597,VehicleC,1
4599,VehicleC,1
4601,VehicleC,1
4603,VehicleC,1
4605,VehicleC,1
4607,VehicleC,1
4609,VehicleC,1
4611,VehicleC,1
4613,VehicleC,1
4615,VehicleC,1
4617,VehicleC,1
4619,VehicleC,1
4621,VehicleC,1
4623,VehicleC,1
4625,VehicleC,1
4627,VehicleC,1
4629,VehicleC,1
4631,VehicleC,1
4633,VehicleC,1
4635,VehicleC,1
4637,VehicleC,1
4639,VehicleC,1
4641,VehicleC,1
4643,VehicleC,1
4645,VehicleC,1
4647,VehicleC,1
4649,VehicleC,1
4651,VehicleC,1
4653,VehicleC,1
4655,VehicleC,1
4657,VehicleC,1
4659,VehicleC,1
4661,VehicleC,1
4663,VehicleC,1
4665,VehicleC,1
4667,VehicleC,1
4669,VehicleC,1
4671,VehicleC,1
4673,VehicleC,1
4675,VehicleC,1
4677,VehicleC,1
4679,VehicleC,1
4681,VehicleC,1
4683,VehicleC,1
4685,VehicleC,1
4687,VehicleC,1
4689,VehicleC,1
4691,VehicleC,1
4693,VehicleC,1
4695,VehicleC,1
4697,VehicleC,1
4699,VehicleC,1
4701,VehicleC,1
4703,VehicleC,1
4705,VehicleC,1
4707,VehicleC,1
4709,VehicleC,1
4711,VehicleC,1
4713,VehicleC,1
4715,VehicleC,1
4717,VehicleC,1
4719,VehicleC,1
4721,VehicleC,1
4723,VehicleC,1
4725,VehicleC,1
4727,VehicleC,1
4729,VehicleC,1
4731,VehicleC,1
4733,VehicleC,1
4735,VehicleC,1
4737,VehicleC,1
4739,VehicleC,1
4741,VehicleC,1
4743,VehicleC,1
4745,VehicleC,1
4747,VehicleC,1
4749,VehicleC,1
4751,VehicleC,1
4753,VehicleC,1
4755,VehicleC,1
4757,VehicleC,1
4759,VehicleC,1
4761,VehicleC,1
4763,VehicleC,1
4765,VehicleC,1
4767,VehicleC,1
4769,VehicleC,1
4771,VehicleC,1
4773,VehicleC,1
4775,VehicleC,1
4777,VehicleC,1
4779,VehicleC,1
4781,VehicleC,1
4783,VehicleC,1
4785,VehicleC,1
4787,VehicleC,1
4789,VehicleC,1
4791,VehicleC,1
4793,VehicleC,1
4795,VehicleC,1
4797,VehicleC,1
4799,VehicleC,1
4801,VehicleC,1
4803,VehicleC,1
4805,VehicleC,1
4807,VehicleC,1
4809,VehicleC,1
4811,VehicleC,1
4813,VehicleC,1
4815,VehicleC,1
4817,VehicleC,1
4819,VehicleC,1
4821,VehicleC,1
4823,VehicleC,1
4825,VehicleC,1
4827,VehicleC,1
4829,VehicleC,1
4831,VehicleC,1
4833,VehicleC,1
4835,VehicleC,1
4837,VehicleC,1
4839,VehicleC,1
4841,VehicleC,1
4843,VehicleC,1
4845,VehicleC,1
4847,VehicleC,1
4849,VehicleC,1
4851,VehicleC,1
4853,VehicleC,1
4855,VehicleC,1
4857,VehicleC,1
4859,VehicleC,1
4861,VehicleC,1
4863,VehicleC,1
4865,VehicleC,1
4867,VehicleC,1
4869,VehicleC,1
4871,VehicleC,1
4873,VehicleC,1
4875,VehicleC,1
4877,VehicleC,1
4879,VehicleC,1
4881,VehicleC,1
4883,VehicleC,1
4885,VehicleC,1
4887,VehicleC,1
4889,VehicleC,1
4891,VehicleC,1
4893,VehicleC,1
4895,VehicleC,1
4897,VehicleC,1
4899,VehicleC,1
4901,VehicleC,1
4903,VehicleC,1
4905,VehicleC,1
4907,VehicleC,1
4909,VehicleC,1
4911,VehicleC,1
4913,VehicleC,1
4915,VehicleC,1
4917,VehicleC,1
4919,VehicleC,1
4921,VehicleC,1
4923,VehicleC,1
4925,VehicleC,1
4927,VehicleC,1
4929,VehicleC,1
4931,VehicleC,1
4933,VehicleC,1
4935,VehicleC,1
4937,VehicleC,1
4939,VehicleC,1
4941,VehicleC,1
4943,VehicleC,1
4945,VehicleC,1
4947,VehicleC,1
4949,VehicleC,1
4951,VehicleC,1
4953,VehicleC,1
4955,VehicleC,1
4957,VehicleC,1
4959,VehicleC,1
4961,VehicleC,1
4963,VehicleC,1
4965,VehicleC,1
4967,VehicleC,1
4969,VehicleC,1
4971,VehicleC,1
4973,VehicleC,1
4975,VehicleC,1
4977,VehicleC,1
4979,VehicleC,1
4981,VehicleC,1
4983,VehicleC,1
4985,VehicleC,1
4987,VehicleC,1
4989,VehicleC,1
4991,VehicleC,1
4993,VehicleC,1
4995,VehicleC,1
4997,VehicleC,1
4999,VehicleC,1
5001,VehicleC,1
5003,VehicleC,1
5005,VehicleC,1
5007,VehicleC,1
5009,VehicleC,1
5011,VehicleC,1
5013,VehicleC,1
5015,VehicleC,1
5017,VehicleC,1
5019,VehicleC,1
5021,VehicleC,1
5023,VehicleC,1
5025,VehicleC,1
5027,VehicleC,1
5029,VehicleC,1
5031,VehicleC,1
5033,VehicleC,1
5035,VehicleC,1
5037,VehicleC,1
5039,VehicleC,1
5041,VehicleC,1
5043,VehicleC,1
5045,VehicleC,1
5047,VehicleC,1
5049,VehicleC,1
5051,VehicleC,1
5053,VehicleC,1
5055,VehicleC,1
5057,VehicleC,1
5059,VehicleC,1
5061,VehicleC,1
5063,VehicleC,1
5065,VehicleC,1
5067,VehicleC,1
5069,VehicleC,1
5071,VehicleC,1
5073,VehicleC,1
5075,VehicleC,1
5077,VehicleC,1
5079,VehicleC,1
5081,VehicleC,1
5083,VehicleC,1
5085,VehicleC,1
5087,VehicleC,1
5089,VehicleC,1
5091,VehicleC,1
5093,VehicleC,1
5095,VehicleC,1
5097,VehicleC,1
5099,VehicleC,1
5101,VehicleC,1
5103,VehicleC,1
5105,VehicleC,1
5107,VehicleC,1
5109,VehicleC,1
5111,VehicleC,1
5113,VehicleC,1
5115,VehicleC,1
5117,VehicleC,1
5119,VehicleC,1
5121,VehicleC,1
5123,VehicleC,1
5125,VehicleC,1
5127,VehicleC,1
5129,VehicleC,1
5131,VehicleC,1
5133,VehicleC,1
5135,VehicleC,1
5137,VehicleC,1
5139,VehicleC,1
5141,VehicleC,1
5143,VehicleC,1
5145,VehicleC,1
5147,VehicleC,1
5149,VehicleC,1
5151,VehicleC,1
5153,VehicleC,1
5155,VehicleC,1
5157,VehicleC,1
5159,VehicleC,1
5161,VehicleC,1
5163,VehicleC,1
5165,VehicleC,1
5167,VehicleC,1
5169,VehicleC,1
5171,VehicleC,1
5173,VehicleC,1
5175,VehicleC,1
5177,VehicleC,1
5179,VehicleC,1
5181,VehicleC,1
5183,VehicleC,1
5185,VehicleC,1
5187,VehicleC,1
5189,VehicleC,1
5191,VehicleC,1
5193,VehicleC,1
5195,VehicleC,1
5197,VehicleC,1
5199,VehicleC,1
5201,VehicleC,1
5203,VehicleC,1
5205,VehicleC,1
5207,VehicleC,1
5209,VehicleC,1
5211,VehicleC,1
5213,VehicleC,1
5215,VehicleC,1
5217,VehicleC,1
5219,VehicleC,1
5221,VehicleC,1
5223,VehicleC,1
5225,VehicleC,1
5227,VehicleC,1
5229,VehicleC,1
5231,VehicleC,1
5233,VehicleC,1
5235,VehicleC,1
5237,VehicleC,1
5239,VehicleC,1
5241,VehicleC,1
5243,VehicleC,1
5245,VehicleC,1
5247,VehicleC,1
5249,VehicleC,1
5251,VehicleC,1
5253,VehicleC,1
5255,VehicleC,1
5257,VehicleC,1
5259,VehicleC,1
5261,VehicleC,1
5263,VehicleC,1
5265,VehicleC,1
5267,VehicleC,1
5269,VehicleC,1
5271,VehicleC,1
5273,VehicleC,1
5275,VehicleC,1
5277,VehicleC,1
5279,VehicleC,1
5281,VehicleC,1
5283,VehicleC,1
5285,VehicleC,1
5287,VehicleC,1
5289,VehicleC,1
5291,VehicleC,1
5293,VehicleC,1
5295,VehicleC,1
5297,VehicleC,1
5299,VehicleC,1
5301,VehicleC,1
5303,VehicleC,1
5305,VehicleC,1
5307,VehicleC,1
5309,VehicleC,1
5311,VehicleC,1
5313,VehicleC,1
5315,VehicleC,1
5317,VehicleC,1
5319,VehicleC,1
5321,VehicleC,1
5323,VehicleC,1
5325,VehicleC,1
5327,VehicleC,1
5329,VehicleC,1
5331,VehicleC,1
5333,VehicleC,1
5335,VehicleC,1
5337,VehicleC,1
5339,VehicleC,1
5341,VehicleC,1
5343,VehicleC,1
5345,VehicleC,1
5347,VehicleC,1
5349,VehicleC,1
5351,VehicleC,1
5353,VehicleC,1
5355,VehicleC,1
5357,VehicleC,1
5359,VehicleC,1
5361,VehicleC,1
5363,VehicleC,1
5365,VehicleC,1
5367,VehicleC,1
5369,VehicleC,1
5371,VehicleC,1
5373,VehicleC,1
5375,VehicleC,1
5377,VehicleC,1
5379,VehicleC,1
5381,VehicleC,1
5383,VehicleC,1
5385,VehicleC,1
5387,VehicleC,1
5389,VehicleC,1
5391,VehicleC,1
5393,VehicleC,1
5395,VehicleC,1
5397,VehicleC,1
5399,VehicleC,1
5401,VehicleC,1
5403,VehicleC,1
5405,VehicleC,1
5407,VehicleC,1
5409,VehicleC,1
5411,VehicleC,1
5413,VehicleC,1
5415,VehicleC,1
5417,VehicleC,1
5419,VehicleC,1
5421,VehicleC,1
5423,VehicleC,1
5425,VehicleC,1
5427,VehicleC,1
5429,VehicleC,1
5431,VehicleC,1
5433,VehicleC,1
5435,VehicleC,1
5437,VehicleC,1
5439,VehicleC,1
5441,VehicleC,1
5443,VehicleC,1
5445,VehicleC,1
5447,VehicleC,1
5449,VehicleC,1
5451,VehicleC,1
5453,VehicleC,1
5455,VehicleC,1
5457,VehicleC,1
5459,VehicleC,1
5461,VehicleC,1
5463,VehicleC,1
5465,VehicleC,1
5467,VehicleC,1
5469,VehicleC,1
5471,VehicleC,1
5473,VehicleC,1
5475,VehicleC,1
5477,VehicleC,1
5479,VehicleC,1
5481,VehicleC,1
5483,VehicleC,1
5485,VehicleC,1
5487,VehicleC,1
5489,VehicleC,1
5491,VehicleC,1
5493,VehicleC,1
5495,VehicleC,1
5497,VehicleC,1
5499,VehicleC,1
5501,VehicleC,1
5503,VehicleC,1
5505,VehicleC,1
5507,VehicleC,1
5509,VehicleC,1
5511,VehicleC,1
5513,VehicleC,1
5515,VehicleC,1
5517,VehicleC,1
5519,VehicleC,1
5521,VehicleC,1
5523,VehicleC,1
5525,VehicleC,1
5527,VehicleC,1
5529,VehicleC,1
5531,VehicleC,1
5533,VehicleC,1
5535,VehicleC,1
5537,VehicleC,1
5539,VehicleC,1
5541,VehicleC,1
5543,VehicleC,1
5545,VehicleC,1
5547,VehicleC,1
5549,VehicleC,1
5551,VehicleC,1
5553,VehicleC,1
5555,VehicleC,1
5557,VehicleC,1
5559,VehicleC,1
5561,VehicleC,1
5563,VehicleC,1
5565,VehicleC,1
5567,VehicleC,1
5569,VehicleC,1
5571,VehicleC,1
5573,VehicleC,1
5575,VehicleC,1
5577,VehicleC,1
5579,VehicleC,1
5581,VehicleC,1
5583,VehicleC,1
5585,VehicleC,1
5587,VehicleC,1
5589,VehicleC,1
5591,VehicleC,1
5593,VehicleC,1
5595,VehicleC,1
5597,VehicleC,1
5599,VehicleC,1
5601,VehicleC,1
5603,VehicleC,1
5605,VehicleC,1
5607,VehicleC,1
5609,VehicleC,1
5611,VehicleC,1
5613,VehicleC,1
5615,VehicleC,1
5617,VehicleC,1
5619,VehicleC,1
5621,VehicleC,1
5623,VehicleC,1
5625,VehicleC,1
5627,VehicleC,1
5629,VehicleC,1
5631,VehicleC,1
5633,VehicleC,1
5635,VehicleC,1
5637,VehicleC,1
5639,VehicleC,1
5641,VehicleC,1
5643,VehicleC,1
5645,VehicleC,1
5647,VehicleC,1
5649,VehicleC,1
5651,VehicleC,1
5653,VehicleC,1
5655,VehicleC,1
5657,VehicleC,1
5659,VehicleC,1
5661,VehicleC,1
5663,VehicleC,1
5665,VehicleC,1
5667,VehicleC,1
5669,VehicleC,1
5671,VehicleC,1
5673,VehicleC,1
5675,VehicleC,1
5677,VehicleC,1
5679,VehicleC,1
5681,VehicleC,1
5683,VehicleC,1
5685,VehicleC,1
5687,VehicleC,1
5689,VehicleC,1
5691,VehicleC,1
5693,VehicleC,1
5695,VehicleC,1
5697,VehicleC,1
5699,VehicleC,1
5701,VehicleC,1
5703,VehicleC,1
5705,VehicleC,1
5707,VehicleC,1
5709,VehicleC,1
5711,VehicleC,1
5713,VehicleC,1
5715,VehicleC,1
5717,VehicleC,1
5719,VehicleC,1
5721,VehicleC,1
5723,VehicleC,1
5725,VehicleC,1
5727,VehicleC,1
5729,VehicleC,1
5731,VehicleC,1
5733,VehicleC,1
5735,VehicleC,1
5737,VehicleC,1
5739,VehicleC,1
5741,VehicleC,1
5743,VehicleC,1
5745,VehicleC,1
5747,VehicleC,1
5749,VehicleC,1
5751,VehicleC,1
5753,VehicleC,1
5755,VehicleC,1
5757,VehicleC,1
5759,VehicleC,1
5761,VehicleC,1
5763,VehicleC,1
5765,VehicleC,1
5767,VehicleC,1
5769,VehicleC,1
5771,VehicleC,1
5773,VehicleC,1
5775,VehicleC,1
5777,VehicleC,1
5779,VehicleC,1
5781,VehicleC,1
5783,VehicleC,1
5785,VehicleC,1
5787,VehicleC,1
5789,VehicleC,1
5791,VehicleC,1
5793,VehicleC,1
5795,VehicleC,1
5797,VehicleC,1
5799,VehicleC,1
5801,VehicleC,1
5803,VehicleC,1
5805,VehicleC,1
5807,VehicleC,1
5809,VehicleC,1
5811,VehicleC,1
5813,VehicleC,1
5815,VehicleC,1
5817,VehicleC,1
5819,VehicleC,1
5821,VehicleC,1
5823,VehicleC,1
5825,VehicleC,1
5827,VehicleC,1
5829,VehicleC,1
5831,VehicleC,1
5833,VehicleC,1
5835,VehicleC,1
5837,VehicleC,1
5839,VehicleC,1
5841,VehicleC,1
5843,VehicleC,1
5845,VehicleC,1
5847,VehicleC,1
5849,VehicleC,1
5851,VehicleC,1
5853,VehicleC,1
5855,VehicleC,1
5857,VehicleC,1
5859,VehicleC,1
5861,VehicleC,1
5863,VehicleC,1
5865,VehicleC,1
5867,VehicleC,1
5869,VehicleC,1
5871,VehicleC,1
5873,VehicleC,1
5875,VehicleC,1
5877,VehicleC,1
5879,VehicleC,1
5881,VehicleC,1
5883,VehicleC,1
5885,VehicleC,1
5887,VehicleC,1
5889,VehicleC,1
5891,VehicleC,1
5893,VehicleC,1
5895,VehicleC,1
5897,VehicleC,1
5899,VehicleC,1
5901,VehicleC,1
5903,VehicleC,1
5905,VehicleC,1
5907,VehicleC,1
5909,VehicleC,1
5911,VehicleC,1
5913,VehicleC,1
5915,VehicleC,1
5917,VehicleC,1
5919,VehicleC,1
5921,VehicleC,1
5923,VehicleC,1
5925,VehicleC,1
5927,VehicleC,1
5929,VehicleC,1
5931,VehicleC,1
5933,VehicleC,1
5935,VehicleC,1
5937,VehicleC,1
5939,VehicleC,1
5941,VehicleC,1
5943,VehicleC,1
5945,VehicleC,1
5947,VehicleC,1
5949,VehicleC,1
5951,VehicleC,1
5953,VehicleC,1
5955,VehicleC,1
5957,VehicleC,1
5959,VehicleC,1
5961,VehicleC,1
5963,VehicleC,1
5965,VehicleC,1
5967,VehicleC,1
5969,VehicleC,1
5971,VehicleC,1
5973,VehicleC,1
5975,VehicleC,1
5977,VehicleC,1
5979,VehicleC,1
5981,VehicleC,1
5983,VehicleC,1
5985,VehicleC,1
5987,VehicleC,1
5989,VehicleC,1
5991,VehicleC,1
5993,VehicleC,1
5995,VehicleC,1
5997,VehicleC,1
5999,VehicleC,1
6001,VehicleC,1
6003,VehicleC,1
6005,VehicleC,1
6007,VehicleC,1
6009,VehicleC,1
6011,VehicleC,1
6013,VehicleC,1
6015,VehicleC,1
6017,VehicleC,1
6019,VehicleC,1
6021,VehicleC,1
6023,VehicleC,1
6025,VehicleC,1
6027,VehicleC,1
6029,VehicleC,1
6031,VehicleC,1
6033,VehicleC,1
6035,VehicleC,1
6037,VehicleC,1
6039,VehicleC,1
6041,VehicleC,1
6043,VehicleC,1
6045,VehicleC,1
6047,VehicleC,1
6049,VehicleC,1
6051,VehicleC,1
6053,VehicleC,1
6055,VehicleC,1
6057,VehicleC,1
6059,VehicleC,1
6061,VehicleC,1
6063,VehicleC,1
6065,VehicleC,1
6067,VehicleC,1
6069,VehicleC,1
6071,VehicleC,1
6073,VehicleC,1
6075,VehicleC,1
6077,VehicleC,1
6079,VehicleC,1
6081,VehicleC,1
6083,VehicleC,1
