minCharge,chargeDispRate,initCharge,vehicleNum,vehicleType,initSpeed
kW*min,kW/min,kW*min,int,string,km/min
0,24,600,2,PlugInEV,1
0,24,600,4,OnlineEV,1
0,24,600,6,PlugInEV,1
0,24,600,8,OnlineEV,1
0,24,600,10,PlugInEV,1
0,24,600,12,OnlineEV,1
0,24,600,14,PlugInEV,1
0,24,600,16,OnlineEV,1
0,24,600,18,PlugInEV,1
0,24,600,20,OnlineEV,1
0,24,600,22,PlugInEV,1
0,24,600,24,OnlineEV,1
0,24,600,26,PlugInEV,1
0,24,600,28,OnlineEV,1
0,24,600,30,PlugInEV,1
0,24,600,32,OnlineEV,1
0,24,600,34,PlugInEV,1
0,24,600,36,OnlineEV,1
0,24,600,38,PlugInEV,1
0,24,600,40,OnlineEV,1
0,24,600,42,PlugInEV,1
0,24,600,44,OnlineEV,1
0,24,600,46,PlugInEV,1
0,24,600,48,OnlineEV,1
0,24,600,50,PlugInEV,1
0,24,600,52,OnlineEV,1
0,24,600,54,PlugInEV,1
0,24,600,56,OnlineEV,1
0,24,600,58,PlugInEV,1
0,24,600,60,OnlineEV,1
0,24,600,62,PlugInEV,1
0,24,600,64,OnlineEV,1
0,24,600,66,PlugInEV,1
0,24,600,68,OnlineEV,1
0,24,600,70,PlugInEV,1
0,24,600,72,OnlineEV,1
0,24,600,74,PlugInEV,1
0,24,600,76,OnlineEV,1
0,24,600,78,PlugInEV,1
0,24,600,80,OnlineEV,1
0,24,600,82,PlugInEV,1
0,24,600,84,OnlineEV,1
0,24,600,86,PlugInEV,1
0,24,600,88,OnlineEV,1
0,24,600,90,PlugInEV,1
0,24,600,92,OnlineEV,1
0,24,600,94,PlugInEV,1
0,24,600,96,OnlineEV,1
0,24,600,98,PlugInEV,1
0,24,600,100,OnlineEV,1
0,24,600,102,PlugInEV,1
0,24,600,104,OnlineEV,1
0,24,600,106,PlugInEV,1
0,24,600,108,OnlineEV,1
0,24,600,110,PlugInEV,1
0,24,600,112,OnlineEV,1
0,24,600,114,PlugInEV,1
0,24,600,116,OnlineEV,1
0,24,600,118,PlugInEV,1
0,24,600,120,OnlineEV,1
0,24,600,122,PlugInEV,1
0,24,600,124,OnlineEV,1
0,24,600,126,PlugInEV,1
0,24,600,128,OnlineEV,1
0,24,600,130,PlugInEV,1
0,24,600,132,OnlineEV,1
0,24,600,134,PlugInEV,1
0,24,600,136,OnlineEV,1
0,24,600,138,PlugInEV,1
0,24,600,140,OnlineEV,1
0,24,600,142,PlugInEV,1
0,24,600,144,OnlineEV,1
0,24,600,146,PlugInEV,1
0,24,600,148,OnlineEV,1
0,24,600,150,PlugInEV,1
0,24,600,152,OnlineEV,1
0,24,600,154,PlugInEV,1
0,24,600,156,OnlineEV,1
0,24,600,158,PlugInEV,1
0,24,600,160,OnlineEV,1
0,24,600,162,PlugInEV,1
0,24,600,164,OnlineEV,1
0,24,600,166,PlugInEV,1
0,24,600,168,OnlineEV,1
0,24,600,170,PlugInEV,1
0,24,600,172,OnlineEV,1
0,24,600,174,PlugInEV,1
0,24,600,176,OnlineEV,1
0,24,600,178,PlugInEV,1
0,24,600,180,OnlineEV,1
0,24,600,182,PlugInEV,1
0,24,600,184,OnlineEV,1
0,24,600,186,PlugInEV,1
0,24,600,188,OnlineEV,1
0,24,600,190,PlugInEV,1
0,24,600,192,OnlineEV,1
0,24,600,194,PlugInEV,1
0,24,600,196,OnlineEV,1
0,24,600,198,PlugInEV,1
0,24,600,200,OnlineEV,1
0,24,600,202,PlugInEV,1
0,24,600,204,OnlineEV,1
0,24,600,206,PlugInEV,1
0,24,600,208,OnlineEV,1
0,24,600,210,PlugInEV,1
0,24,600,212,OnlineEV,1
0,24,600,214,PlugInEV,1
0,24,600,216,OnlineEV,1
0,24,600,218,PlugInEV,1
0,24,600,220,OnlineEV,1
0,24,600,222,PlugInEV,1
0,24,600,224,OnlineEV,1
0,24,600,226,PlugInEV,1
0,24,600,228,OnlineEV,1
0,24,600,230,PlugInEV,1
0,24,600,232,OnlineEV,1
0,24,600,234,PlugInEV,1
0,24,600,236,OnlineEV,1
0,24,600,238,PlugInEV,1
0,24,600,240,OnlineEV,1
0,24,600,242,PlugInEV,1
0,24,600,244,OnlineEV,1
0,24,600,246,PlugInEV,1
0,24,600,248,OnlineEV,1
0,24,600,250,PlugInEV,1
0,24,600,252,OnlineEV,1
0,24,600,254,PlugInEV,1
0,24,600,256,OnlineEV,1
0,24,600,258,PlugInEV,1
0,24,600,260,OnlineEV,1
0,24,600,262,PlugInEV,1
0,24,600,264,OnlineEV,1
0,24,600,266,PlugInEV,1
0,24,600,268,OnlineEV,1
0,24,600,270,PlugInEV,1
0,24,600,272,OnlineEV,1
0,24,600,274,PlugInEV,1
0,24,600,276,OnlineEV,1
0,24,600,278,PlugInEV,1
0,24,600,280,OnlineEV,1
0,24,600,282,PlugInEV,1
0,24,600,284,OnlineEV,1
0,24,600,286,PlugInEV,1
0,24,600,288,OnlineEV,1
0,24,600,290,PlugInEV,1
0,24,600,292,OnlineEV,1
0,24,600,294,PlugInEV,1
0,24,600,296,OnlineEV,1
0,24,600,298,PlugInEV,1
0,24,600,300,OnlineEV,1
0,24,600,302,PlugInEV,1
0,24,600,304,OnlineEV,1
0,24,600,306,PlugInEV,1
0,24,600,308,OnlineEV,1
0,24,600,310,PlugInEV,1
0,24,600,312,OnlineEV,1
0,24,600,314,PlugInEV,1
0,24,600,316,OnlineEV,1
0,24,600,318,PlugInEV,1
0,24,600,320,OnlineEV,1
0,24,600,322,PlugInEV,1
0,24,600,324,OnlineEV,1
0,24,600,326,PlugInEV,1
0,24,600,328,OnlineEV,1
0,24,600,330,PlugInEV,1
0,24,600,332,OnlineEV,1
0,24,600,334,PlugInEV,1
0,24,600,336,OnlineEV,1
0,24,600,338,PlugInEV,1
0,24,600,340,OnlineEV,1
0,24,600,342,PlugInEV,1
0,24,600,344,OnlineEV,1
0,24,600,346,PlugInEV,1
0,24,600,348,OnlineEV,1
0,24,600,350,PlugInEV,1
0,24,600,352,OnlineEV,1
0,24,600,354,PlugInEV,1
0,24,600,356,OnlineEV,1
0,24,600,358,PlugInEV,1
0,24,600,360,OnlineEV,1
0,24,600,362,PlugInEV,1
0,24,600,364,OnlineEV,1
0,24,600,366,PlugInEV,1
0,24,600,368,OnlineEV,1
0,24,600,370,PlugInEV,1
0,24,600,372,OnlineEV,1
0,24,600,374,PlugInEV,1
0,24,600,376,OnlineEV,1
0,24,600,378,PlugInEV,1
0,24,600,380,OnlineEV,1
0,24,600,382,PlugInEV,1
0,24,600,384,OnlineEV,1
0,24,600,386,PlugInEV,1
0,24,600,388,OnlineEV,1
0,24,600,390,PlugInEV,1
0,24,600,392,OnlineEV,1
0,24,600,394,PlugInEV,1
0,24,600,396,OnlineEV,1
0,24,600,398,PlugInEV,1
0,24,600,400,OnlineEV,1
0,24,600,402,PlugInEV,1
0,24,600,404,OnlineEV,1
0,24,600,406,PlugInEV,1
0,24,600,408,OnlineEV,1
0,24,600,410,PlugInEV,1
0,24,600,412,OnlineEV,1
0,24,600,414,PlugInEV,1
0,24,600,416,OnlineEV,1
0,24,600,418,PlugInEV,1
0,24,600,420,OnlineEV,1
0,24,600,422,PlugInEV,1
0,24,600,424,OnlineEV,1
0,24,600,426,PlugInEV,1
0,24,600,428,OnlineEV,1
0,24,600,430,PlugInEV,1
0,24,600,432,OnlineEV,1
0,24,600,434,PlugInEV,1
0,24,600,436,OnlineEV,1
0,24,600,438,PlugInEV,1
0,24,600,440,OnlineEV,1
0,24,600,442,PlugInEV,1
0,24,600,444,OnlineEV,1
0,24,600,446,PlugInEV,1
0,24,600,448,OnlineEV,1
0,24,600,450,PlugInEV,1
0,24,600,452,OnlineEV,1
0,24,600,454,PlugInEV,1
0,24,600,456,OnlineEV,1
0,24,600,458,PlugInEV,1
0,24,600,460,OnlineEV,1
0,24,600,462,PlugInEV,1
0,24,600,464,OnlineEV,1
0,24,600,466,PlugInEV,1
0,24,600,468,OnlineEV,1
0,24,600,470,PlugInEV,1
0,24,600,472,OnlineEV,1
0,24,600,474,PlugInEV,1
0,24,600,476,OnlineEV,1
0,24,600,478,PlugInEV,1
0,24,600,480,OnlineEV,1
0,24,600,482,PlugInEV,1
0,24,600,484,OnlineEV,1
0,24,600,486,PlugInEV,1
0,24,600,488,OnlineEV,1
0,24,600,490,PlugInEV,1
0,24,600,492,OnlineEV,1
0,24,600,494,PlugInEV,1
0,24,600,496,OnlineEV,1
0,24,600,498,PlugInEV,1
0,24,600,500,OnlineEV,1
0,24,600,502,PlugInEV,1
0,24,600,504,OnlineEV,1
0,24,600,506,PlugInEV,1
0,24,600,508,OnlineEV,1
0,24,600,510,PlugInEV,1
0,24,600,512,OnlineEV,1
0,24,600,514,PlugInEV,1
0,24,600,516,OnlineEV,1
0,24,600,518,PlugInEV,1
0,24,600,520,OnlineEV,1
0,24,600,522,PlugInEV,1
0,24,600,524,OnlineEV,1
0,24,600,526,PlugInEV,1
0,24,600,528,OnlineEV,1
0,24,600,530,PlugInEV,1
0,24,600,532,OnlineEV,1
0,24,600,534,PlugInEV,1
0,24,600,536,OnlineEV,1
0,24,600,538,PlugInEV,1
0,24,600,540,OnlineEV,1
0,24,600,542,PlugInEV,1
0,24,600,544,OnlineEV,1
0,24,600,546,PlugInEV,1
0,24,600,548,OnlineEV,1
0,24,600,550,PlugInEV,1
0,24,600,552,OnlineEV,1
0,24,600,554,PlugInEV,1
0,24,600,556,OnlineEV,1
0,24,600,558,PlugInEV,1
0,24,600,560,OnlineEV,1
0,24,600,562,PlugInEV,1
0,24,600,564,OnlineEV,1
0,24,600,566,PlugInEV,1
0,24,600,568,OnlineEV,1
0,24,600,570,PlugInEV,1
0,24,600,572,OnlineEV,1
0,24,600,574,PlugInEV,1
0,24,600,576,OnlineEV,1
0,24,600,578,PlugInEV,1
0,24,600,580,OnlineEV,1
0,24,600,582,PlugInEV,1
0,24,600,584,OnlineEV,1
0,24,600,586,PlugInEV,1
0,24,600,588,OnlineEV,1
0,24,600,590,PlugInEV,1
0,24,600,592,OnlineEV,1
0,24,600,594,PlugInEV,1
0,24,600,596,OnlineEV,1
0,24,600,598,PlugInEV,1
0,24,600,600,OnlineEV,1
0,24,600,602,PlugInEV,1
0,24,600,604,OnlineEV,1
0,24,600,606,PlugInEV,1
0,24,600,608,OnlineEV,1
0,24,600,610,PlugInEV,1
0,24,600,612,OnlineEV,1
0,24,600,614,PlugInEV,1
0,24,600,616,OnlineEV,1
0,24,600,618,PlugInEV,1
0,24,600,620,OnlineEV,1
0,24,600,622,PlugInEV,1
0,24,600,624,OnlineEV,1
0,24,600,626,PlugInEV,1
0,24,600,628,OnlineEV,1
0,24,600,630,PlugInEV,1
0,24,600,632,OnlineEV,1
0,24,600,634,PlugInEV,1
0,24,600,636,OnlineEV,1
0,24,600,638,PlugInEV,1
0,24,600,640,OnlineEV,1
0,24,600,642,PlugInEV,1
0,24,600,644,OnlineEV,1
0,24,600,646,PlugInEV,1
0,24,600,648,OnlineEV,1
0,24,600,650,PlugInEV,1
0,24,600,652,OnlineEV,1
0,24,600,654,PlugInEV,1
0,24,600,656,OnlineEV,1
0,24,600,658,PlugInEV,1
0,24,600,660,OnlineEV,1
0,24,600,662,PlugInEV,1
0,24,600,664,OnlineEV,1
0,24,600,666,PlugInEV,1
0,24,600,668,OnlineEV,1
0,24,600,670,PlugInEV,1
0,24,600,672,OnlineEV,1
0,24,600,674,PlugInEV,1
0,24,600,676,OnlineEV,1
0,24,600,678,PlugInEV,1
0,24,600,680,OnlineEV,1
0,24,600,682,PlugInEV,1
0,24,600,684,OnlineEV,1
0,24,600,686,PlugInEV,1
0,24,600,688,OnlineEV,1
0,24,600,690,PlugInEV,1
0,24,600,692,OnlineEV,1
0,24,600,694,PlugInEV,1
0,24,600,696,OnlineEV,1
0,24,600,698,PlugInEV,1
0,24,600,700,OnlineEV,1
0,24,600,702,PlugInEV,1
0,24,600,704,OnlineEV,1
0,24,600,706,PlugInEV,1
0,24,600,708,OnlineEV,1
0,24,600,710,PlugInEV,1
0,24,600,712,OnlineEV,1
0,24,600,714,PlugInEV,1
0,24,600,716,OnlineEV,1
0,24,600,718,PlugInEV,1
0,24,600,720,OnlineEV,1
0,24,600,722,PlugInEV,1
0,24,600,724,OnlineEV,1
0,24,600,726,PlugInEV,1
0,24,600,728,OnlineEV,1
0,24,600,730,PlugInEV,1
0,24,600,732,OnlineEV,1
0,24,600,734,PlugInEV,1
0,24,600,736,OnlineEV,1
0,24,600,738,PlugInEV,1
0,24,600,740,OnlineEV,1
0,24,600,742,PlugInEV,1
0,24,600,744,OnlineEV,1
0,24,600,746,PlugInEV,1
0,24,600,748,OnlineEV,1
0,24,600,750,PlugInEV,1
0,24,600,752,OnlineEV,1
0,24,600,754,PlugInEV,1
0,24,600,756,OnlineEV,1
0,24,600,758,PlugInEV,1
0,24,600,760,OnlineEV,1
0,24,600,762,PlugInEV,1
0,24,600,764,OnlineEV,1
0,24,600,766,PlugInEV,1
0,24,600,768,OnlineEV,1
0,24,600,770,PlugInEV,1
0,24,600,772,OnlineEV,1
0,24,600,774,PlugInEV,1
0,24,600,776,OnlineEV,1
0,24,600,778,PlugInEV,1
0,24,600,780,OnlineEV,1
0,24,600,782,PlugInEV,1
0,24,600,784,OnlineEV,1
0,24,600,786,PlugInEV,1
0,24,600,788,OnlineEV,1
0,24,600,790,PlugInEV,1
0,24,600,792,OnlineEV,1
0,24,600,794,PlugInEV,1
0,24,600,796,OnlineEV,1
0,24,600,798,PlugInEV,1
0,24,600,800,OnlineEV,1
0,24,600,802,PlugInEV,1
0,24,600,804,OnlineEV,1
0,24,600,806,PlugInEV,1
0,24,600,808,OnlineEV,1
0,24,600,810,PlugInEV,1
0,24,600,812,OnlineEV,1
0,24,600,814,PlugInEV,1
0,24,600,816,OnlineEV,1
0,24,600,818,PlugInEV,1
0,24,600,820,OnlineEV,1
0,24,600,822,PlugInEV,1
0,24,600,824,OnlineEV,1
0,24,600,826,PlugInEV,1
0,24,600,828,OnlineEV,1
0,24,600,830,PlugInEV,1
0,24,600,832,OnlineEV,1
0,24,600,834,PlugInEV,1
0,24,600,836,OnlineEV,1
0,24,600,838,PlugInEV,1
0,24,600,840,OnlineEV,1
0,24,600,842,PlugInEV,1
0,24,600,844,OnlineEV,1
0,24,600,846,PlugInEV,1
0,24,600,848,OnlineEV,1
0,24,600,850,PlugInEV,1
0,24,600,852,OnlineEV,1
0,24,600,854,PlugInEV,1
0,24,600,856,OnlineEV,1
0,24,600,858,PlugInEV,1
0,24,600,860,OnlineEV,1
0,24,600,862,PlugInEV,1
0,24,600,864,OnlineEV,1
0,24,600,866,PlugInEV,1
0,24,600,868,OnlineEV,1
0,24,600,870,PlugInEV,1
0,24,600,872,OnlineEV,1
0,24,600,874,PlugInEV,1
0,24,600,876,OnlineEV,1
0,24,600,878,PlugInEV,1
0,24,600,880,OnlineEV,1
0,24,600,882,PlugInEV,1
0,24,600,884,OnlineEV,1
0,24,600,886,PlugInEV,1
0,24,600,888,OnlineEV,1
0,24,600,890,PlugInEV,1
0,24,600,892,OnlineEV,1
0,24,600,894,PlugInEV,1
0,24,600,896,OnlineEV,1
0,24,600,898,PlugInEV,1
0,24,600,900,OnlineEV,1
0,24,600,902,PlugInEV,1
0,24,600,904,OnlineEV,1
0,24,600,906,PlugInEV,1
0,24,600,908,OnlineEV,1
0,24,600,910,PlugInEV,1
0,24,600,912,OnlineEV,1
0,24,600,914,PlugInEV,1
0,24,600,916,OnlineEV,1
0,24,600,918,PlugInEV,1
0,24,600,920,OnlineEV,1
0,24,600,922,PlugInEV,1
0,24,600,924,OnlineEV,1
0,24,600,926,PlugInEV,1
0,24,600,928,OnlineEV,1
0,24,600,930,PlugInEV,1
0,24,600,932,OnlineEV,1
0,24,600,934,PlugInEV,1
0,24,600,936,OnlineEV,1
0,24,600,938,PlugInEV,1
0,24,600,940,OnlineEV,1
0,24,600,942,PlugInEV,1
0,24,600,944,OnlineEV,1
0,24,600,946,PlugInEV,1
0,24,600,948,OnlineEV,1
0,24,600,950,PlugInEV,1
0,24,600,952,OnlineEV,1
0,24,600,954,PlugInEV,1
0,24,600,956,OnlineEV,1
0,24,600,958,PlugInEV,1
0,24,600,960,OnlineEV,1
0,24,600,962,PlugInEV,1
0,24,600,964,OnlineEV,1
0,24,600,966,PlugInEV,1
0,24,600,968,OnlineEV,1
0,24,600,970,PlugInEV,1
0,24,600,972,OnlineEV,1
0,24,600,974,PlugInEV,1
0,24,600,976,OnlineEV,1
0,24,600,978,PlugInEV,1
0,24,600,980,OnlineEV,1
0,24,600,982,PlugInEV,1
0,24,600,984,OnlineEV,1
0,24,600,986,PlugInEV,1
0,24,600,988,OnlineEV,1
0,24,600,990,PlugInEV,1
0,24,600,992,OnlineEV,1
0,24,600,994,PlugInEV,1
0,24,600,996,OnlineEV,1
0,24,600,998,PlugInEV,1
0,24,600,1000,OnlineEV,1
0,24,600,1002,PlugInEV,1
0,24,600,1004,OnlineEV,1
0,24,600,1006,PlugInEV,1
0,24,600,1008,OnlineEV,1
0,24,600,1010,PlugInEV,1
0,24,600,1012,OnlineEV,1
0,24,600,1014,PlugInEV,1
0,24,600,1016,OnlineEV,1
0,24,600,1018,PlugInEV,1
0,24,600,1020,OnlineEV,1
0,24,600,1022,PlugInEV,1
0,24,600,1024,OnlineEV,1
0,24,600,1026,PlugInEV,1
0,24,600,1028,OnlineEV,1
0,24,600,1030,PlugInEV,1
0,24,600,1032,OnlineEV,1
0,24,600,1034,PlugInEV,1
0,24,600,1036,OnlineEV,1
0,24,600,1038,PlugInEV,1
0,24,600,1040,OnlineEV,1
0,24,600,1042,PlugInEV,1
0,24,600,1044,OnlineEV,1
0,24,600,1046,PlugInEV,1
0,24,600,1048,OnlineEV,1
0,24,600,1050,PlugInEV,1
0,24,600,1052,OnlineEV,1
0,24,600,1054,PlugInEV,1
0,24,600,1056,OnlineEV,1
0,24,600,1058,PlugInEV,1
0,24,600,1060,OnlineEV,1
0,24,600,1062,PlugInEV,1
0,24,600,1064,OnlineEV,1
0,24,600,1066,PlugInEV,1
0,24,600,1068,OnlineEV,1
0,24,600,1070,PlugInEV,1
0,24,600,1072,OnlineEV,1
0,24,600,1074,PlugInEV,1
0,24,600,1076,OnlineEV,1
0,24,600,1078,PlugInEV,1
0,24,600,1080,OnlineEV,1
0,24,600,1082,PlugInEV,1
0,24,600,1084,OnlineEV,1
0,24,600,1086,PlugInEV,1
0,24,600,1088,OnlineEV,1
0,24,600,1090,PlugInEV,1
0,24,600,1092,OnlineEV,1
0,24,600,1094,PlugInEV,1
0,24,600,1096,OnlineEV,1
0,24,600,1098,PlugInEV,1
0,24,600,1100,OnlineEV,1
0,24,600,1102,PlugInEV,1
0,24,600,1104,OnlineEV,1
0,24,600,1106,PlugInEV,1
0,24,600,1108,OnlineEV,1
0,24,600,1110,PlugInEV,1
0,24,600,1112,OnlineEV,1
0,24,600,1114,PlugInEV,1
0,24,600,1116,OnlineEV,1
0,24,600,1118,PlugInEV,1
0,24,600,1120,OnlineEV,1
0,24,600,1122,PlugInEV,1
0,24,600,1124,OnlineEV,1
0,24,600,1126,PlugInEV,1
0,24,600,1128,OnlineEV,1
0,24,600,1130,PlugInEV,1
0,24,600,1132,OnlineEV,1
0,24,600,1134,PlugInEV,1
0,24,600,1136,OnlineEV,1
0,24,600,1138,PlugInEV,1
0,24,600,1140,OnlineEV,1
0,24,600,1142,PlugInEV,1
0,24,600,1144,OnlineEV,1
0,24,600,1146,PlugInEV,1
0,24,600,1148,OnlineEV,1
0,24,600,1150,PlugInEV,1
0,24,600,1152,OnlineEV,1
0,24,600,1154,PlugInEV,1
0,24,600,1156,OnlineEV,1
0,24,600,1158,PlugInEV,1
0,24,600,1160,OnlineEV,1
0,24,600,1162,PlugInEV,1
0,24,600,1164,OnlineEV,1
0,24,600,1166,PlugInEV,1
0,24,600,1168,OnlineEV,1
0,24,600,1170,PlugInEV,1
0,24,600,1172,OnlineEV,1
0,24,600,1174,PlugInEV,1
0,24,600,1176,OnlineEV,1
0,24,600,1178,PlugInEV,1
0,24,600,1180,OnlineEV,1
0,24,600,1182,PlugInEV,1
0,24,600,1184,OnlineEV,1
0,24,600,1186,PlugInEV,1
0,24,600,1188,OnlineEV,1
0,24,600,1190,PlugInEV,1
0,24,600,1192,OnlineEV,1
0,24,600,1194,PlugInEV,1
0,24,600,1196,OnlineEV,1
0,24,600,1198,PlugInEV,1
0,24,600,1200,OnlineEV,1
0,24,600,1202,PlugInEV,1
0,24,600,1204,OnlineEV,1
0,24,600,1206,PlugInEV,1
0,24,600,1208,OnlineEV,1
0,24,600,1210,PlugInEV,1
0,24,600,1212,OnlineEV,1
0,24,600,1214,PlugInEV,1
0,24,600,1216,OnlineEV,1
0,24,600,1218,PlugInEV,1
0,24,600,1220,OnlineEV,1
0,24,600,1222,PlugInEV,1
0,24,600,1224,OnlineEV,1
0,24,600,1226,PlugInEV,1
0,24,600,1228,OnlineEV,1
0,24,600,1230,PlugInEV,1
0,24,600,1232,OnlineEV,1
0,24,600,1234,PlugInEV,1
0,24,600,1236,OnlineEV,1
0,24,600,1238,PlugInEV,1
0,24,600,1240,OnlineEV,1
0,24,600,1242,PlugInEV,1
0,24,600,1244,OnlineEV,1
0,24,600,1246,PlugInEV,1
0,24,600,1248,OnlineEV,1
0,24,600,1250,PlugInEV,1
0,24,600,1252,OnlineEV,1
0,24,600,1254,PlugInEV,1
0,24,600,1256,OnlineEV,1
0,24,600,1258,PlugInEV,1
0,24,600,1260,OnlineEV,1
0,24,600,1262,PlugInEV,1
0,24,600,1264,OnlineEV,1
0,24,600,1266,PlugInEV,1
0,24,600,1268,OnlineEV,1
0,24,600,1270,PlugInEV,1
0,24,600,1272,OnlineEV,1
0,24,600,1274,PlugInEV,1
0,24,600,1276,OnlineEV,1
0,24,600,1278,PlugInEV,1
0,24,600,1280,OnlineEV,1
0,24,600,1282,PlugInEV,1
0,24,600,1284,OnlineEV,1
0,24,600,1286,PlugInEV,1
0,24,600,1288,OnlineEV,1
0,24,600,1290,PlugInEV,1
0,24,600,1292,OnlineEV,1
0,24,600,1294,PlugInEV,1
0,24,600,1296,OnlineEV,1
0,24,600,1298,PlugInEV,1
0,24,600,1300,OnlineEV,1
0,24,600,1302,PlugInEV,1
0,24,600,1304,OnlineEV,1
0,24,600,1306,PlugInEV,1
0,24,600,1308,OnlineEV,1
0,24,600,1310,PlugInEV,1
0,24,600,1312,OnlineEV,1
0,24,600,1314,PlugInEV,1
0,24,600,1316,OnlineEV,1
0,24,600,1318,PlugInEV,1
0,24,600,1320,OnlineEV,1
0,24,600,1322,PlugInEV,1
0,24,600,1324,OnlineEV,1
0,24,600,1326,PlugInEV,1
0,24,600,1328,OnlineEV,1
0,24,600,1330,PlugInEV,1
0,24,600,1332,OnlineEV,1
0,24,600,1334,PlugInEV,1
0,24,600,1336,OnlineEV,1
0,24,600,1338,PlugInEV,1
0,24,600,1340,OnlineEV,1
0,24,600,1342,PlugInEV,1
0,24,600,1344,OnlineEV,1
0,24,600,1346,PlugInEV,1
0,24,600,1348,OnlineEV,1
0,24,600,1350,PlugInEV,1
0,24,600,1352,OnlineEV,1
0,24,600,1354,PlugInEV,1
0,24,600,1356,OnlineEV,1
0,24,600,1358,PlugInEV,1
0,24,600,1360,OnlineEV,1
0,24,600,1362,PlugInEV,1
0,24,600,1364,OnlineEV,1
0,24,600,1366,PlugInEV,1
0,24,600,1368,OnlineEV,1
0,24,600,1370,PlugInEV,1
0,24,600,1372,OnlineEV,1
0,24,600,1374,PlugInEV,1
0,24,600,1376,OnlineEV,1
0,24,600,1378,PlugInEV,1
0,24,600,1380,OnlineEV,1
0,24,600,1382,PlugInEV,1
0,24,600,1384,OnlineEV,1
0,24,600,1386,PlugInEV,1
0,24,600,1388,OnlineEV,1
0,24,600,1390,PlugInEV,1
0,24,600,1392,OnlineEV,1
0,24,600,1394,PlugInEV,1
0,24,600,1396,OnlineEV,1
0,24,600,1398,PlugInEV,1
0,24,600,1400,OnlineEV,1
0,24,600,1402,PlugInEV,1
0,24,600,1404,OnlineEV,1
0,24,600,1406,PlugInEV,1
0,24,600,1408,OnlineEV,1
0,24,600,1410,PlugInEV,1
0,24,600,1412,OnlineEV,1
0,24,600,1414,PlugInEV,1
0,24,600,1416,OnlineEV,1
0,24,600,1418,PlugInEV,1
0,24,600,1420,OnlineEV,1
0,24,600,1422,PlugInEV,1
0,24,600,1424,OnlineEV,1
0,24,600,1426,PlugInEV,1
0,24,600,1428,OnlineEV,1
0,24,600,1430,PlugInEV,1
0,24,600,1432,OnlineEV,1
0,24,600,1434,PlugInEV,1
0,24,600,1436,OnlineEV,1
0,24,600,1438,PlugInEV,1
0,24,600,1440,OnlineEV,1
0,24,600,1442,PlugInEV,1
0,24,600,1444,OnlineEV,1
0,24,600,1446,PlugInEV,1
0,24,600,1448,OnlineEV,1
0,24,600,1450,PlugInEV,1
0,24,600,1452,OnlineEV,1
0,24,600,1454,PlugInEV,1
0,24,600,1456,OnlineEV,1
0,24,600,1458,PlugInEV,1
0,24,600,1460,OnlineEV,1
0,24,600,1462,PlugInEV,1
0,24,600,1464,OnlineEV,1
0,24,600,1466,PlugInEV,1
0,24,600,1468,OnlineEV,1
0,24,600,1470,PlugInEV,1
0,24,600,1472,OnlineEV,1
0,24,600,1474,PlugInEV,1
0,24,600,1476,OnlineEV,1
0,24,600,1478,PlugInEV,1
0,24,600,1480,OnlineEV,1
0,24,600,1482,PlugInEV,1
0,24,600,1484,OnlineEV,1
0,24,600,1486,PlugInEV,1
0,24,600,1488,OnlineEV,1
0,24,600,1490,PlugInEV,1
0,24,600,1492,OnlineEV,1
0,24,600,1494,PlugInEV,1
0,24,600,1496,OnlineEV,1
0,24,600,1498,PlugInEV,1
0,24,600,1500,OnlineEV,1
0,24,600,1502,PlugInEV,1
0,24,600,1504,OnlineEV,1
0,24,600,1506,PlugInEV,1
0,24,600,1508,OnlineEV,1
0,24,600,1510,PlugInEV,1
0,24,600,1512,OnlineEV,1
0,24,600,1514,PlugInEV,1
0,24,600,1516,OnlineEV,1
0,24,600,1518,PlugInEV,1
0,24,600,1520,OnlineEV,1
0,24,600,1522,PlugInEV,1
0,24,600,1524,OnlineEV,1
0,24,600,1526,PlugInEV,1
0,24,600,1528,OnlineEV,1
0,24,600,1530,PlugInEV,1
0,24,600,1532,OnlineEV,1
0,24,600,1534,PlugInEV,1
0,24,600,1536,OnlineEV,1
0,24,600,1538,PlugInEV,1
0,24,600,1540,OnlineEV,1
0,24,600,1542,PlugInEV,1
0,24,600,1544,OnlineEV,1
0,24,600,1546,PlugInEV,1
0,24,600,1548,OnlineEV,1
0,24,600,1550,PlugInEV,1
0,24,600,1552,OnlineEV,1
0,24,600,1554,PlugInEV,1
0,24,600,1556,OnlineEV,1
0,24,600,1558,PlugInEV,1
0,24,600,1560,OnlineEV,1
0,24,600,1562,PlugInEV,1
0,24,600,1564,OnlineEV,1
0,24,600,1566,PlugInEV,1
0,24,600,1568,OnlineEV,1
0,24,600,1570,PlugInEV,1
0,24,600,1572,OnlineEV,1
0,24,600,1574,PlugInEV,1
0,24,600,1576,OnlineEV,1
0,24,600,1578,PlugInEV,1
0,24,600,1580,OnlineEV,1
0,24,600,1582,PlugInEV,1
0,24,600,1584,OnlineEV,1
0,24,600,1586,PlugInEV,1
0,24,600,1588,OnlineEV,1
0,24,600,1590,PlugInEV,1
0,24,600,1592,OnlineEV,1
0,24,600,1594,PlugInEV,1
0,24,600,1596,OnlineEV,1
0,24,600,1598,PlugInEV,1
0,24,600,1600,OnlineEV,1
0,24,600,1602,PlugInEV,1
0,24,600,1604,OnlineEV,1
0,24,600,1606,PlugInEV,1
0,24,600,1608,OnlineEV,1
0,24,600,1610,PlugInEV,1
0,24,600,1612,OnlineEV,1
0,24,600,1614,PlugInEV,1
0,24,600,1616,OnlineEV,1
0,24,600,1618,PlugInEV,1
0,24,600,1620,OnlineEV,1
0,24,600,1622,PlugInEV,1
0,24,600,1624,OnlineEV,1
0,24,600,1626,PlugInEV,1
0,24,600,1628,OnlineEV,1
0,24,600,1630,PlugInEV,1
0,24,600,1632,OnlineEV,1
0,24,600,1634,PlugInEV,1
0,24,600,1636,OnlineEV,1
0,24,600,1638,PlugInEV,1
0,24,600,1640,OnlineEV,1
0,24,600,1642,PlugInEV,1
0,24,600,1644,OnlineEV,1
0,24,600,1646,PlugInEV,1
0,24,600,1648,OnlineEV,1
0,24,600,1650,PlugInEV,1
0,24,600,1652,OnlineEV,1
0,24,600,1654,PlugInEV,1
0,24,600,1656,OnlineEV,1
0,24,600,1658,PlugInEV,1
0,24,600,1660,OnlineEV,1
0,24,600,1662,PlugInEV,1
0,24,600,1664,OnlineEV,1
0,24,600,1666,PlugInEV,1
0,24,600,1668,OnlineEV,1
0,24,600,1670,PlugInEV,1
0,24,600,1672,OnlineEV,1
0,24,600,1674,PlugInEV,1
0,24,600,1676,OnlineEV,1
0,24,600,1678,PlugInEV,1
0,24,600,1680,OnlineEV,1
0,24,600,1682,PlugInEV,1
0,24,600,1684,OnlineEV,1
0,24,600,1686,PlugInEV,1
0,24,600,1688,OnlineEV,1
0,24,600,1690,PlugInEV,1
0,24,600,1692,OnlineEV,1
0,24,600,1694,PlugInEV,1
0,24,600,1696,OnlineEV,1
0,24,600,1698,PlugInEV,1
0,24,600,1700,OnlineEV,1
0,24,600,1702,PlugInEV,1
0,24,600,1704,OnlineEV,1
0,24,600,1706,PlugInEV,1
0,24,600,1708,OnlineEV,1
0,24,600,1710,PlugInEV,1
0,24,600,1712,OnlineEV,1
0,24,600,1714,PlugInEV,1
0,24,600,1716,OnlineEV,1
0,24,600,1718,PlugInEV,1
0,24,600,1720,OnlineEV,1
0,24,600,1722,PlugInEV,1
0,24,600,1724,OnlineEV,1
0,24,600,1726,PlugInEV,1
0,24,600,1728,OnlineEV,1
0,24,600,1730,PlugInEV,1
0,24,600,1732,OnlineEV,1
0,24,600,1734,PlugInEV,1
0,24,600,1736,OnlineEV,1
0,24,600,1738,PlugInEV,1
0,24,600,1740,OnlineEV,1
0,24,600,1742,PlugInEV,1
0,24,600,1744,OnlineEV,1
0,24,600,1746,PlugInEV,1
0,24,600,1748,OnlineEV,1
0,24,600,1750,PlugInEV,1
0,24,600,1752,OnlineEV,1
0,24,600,1754,PlugInEV,1
0,24,600,1756,OnlineEV,1
0,24,600,1758,PlugInEV,1
0,24,600,1760,OnlineEV,1
0,24,600,1762,PlugInEV,1
0,24,600,1764,OnlineEV,1
0,24,600,1766,PlugInEV,1
0,24,600,1768,OnlineEV,1
0,24,600,1770,PlugInEV,1
0,24,600,1772,OnlineEV,1
0,24,600,1774,PlugInEV,1
0,24,600,1776,OnlineEV,1
0,24,600,1778,PlugInEV,1
0,24,600,1780,OnlineEV,1
0,24,600,1782,PlugInEV,1
0,24,600,1784,OnlineEV,1
0,24,600,1786,PlugInEV,1
0,24,600,1788,OnlineEV,1
0,24,600,1790,PlugInEV,1
0,24,600,1792,OnlineEV,1
0,24,600,1794,PlugInEV,1
0,24,600,1796,OnlineEV,1
0,24,600,1798,PlugInEV,1
0,24,600,1800,OnlineEV,1
0,24,600,1802,PlugInEV,1
0,24,600,1804,OnlineEV,1
0,24,600,1806,PlugInEV,1
0,24,600,1808,OnlineEV,1
0,24,600,1810,PlugInEV,1
0,24,600,1812,OnlineEV,1
0,24,600,1814,PlugInEV,1
0,24,600,1816,OnlineEV,1
0,24,600,1818,PlugInEV,1
0,24,600,1820,OnlineEV,1
0,24,600,1822,PlugInEV,1
0,24,600,1824,OnlineEV,1
0,24,600,1826,PlugInEV,1
0,24,600,1828,OnlineEV,1
0,24,600,1830,PlugInEV,1
0,24,600,1832,OnlineEV,1
0,24,600,1834,PlugInEV,1
0,24,600,1836,OnlineEV,1
0,24,600,1838,PlugInEV,1
0,24,600,1840,OnlineEV,1
0,24,600,1842,PlugInEV,1
0,24,600,1844,OnlineEV,1
0,24,600,1846,PlugInEV,1
0,24,600,1848,OnlineEV,1
0,24,600,1850,PlugInEV,1
0,24,600,1852,OnlineEV,1
0,24,600,1854,PlugInEV,1
0,24,600,1856,OnlineEV,1
0,24,600,1858,PlugInEV,1
0,24,600,1860,OnlineEV,1
0,24,600,1862,PlugInEV,1
0,24,600,1864,OnlineEV,1
0,24,600,1866,PlugInEV,1
0,24,600,1868,OnlineEV,1
0,24,600,1870,PlugInEV,1
0,24,600,1872,OnlineEV,1
0,24,600,1874,PlugInEV,1
0,24,600,1876,OnlineEV,1
0,24,600,1878,PlugInEV,1
0,24,600,1880,OnlineEV,1
0,24,600,1882,PlugInEV,1
0,24,600,1884,OnlineEV,1
0,24,600,1886,PlugInEV,1
0,24,600,1888,OnlineEV,1
0,24,600,1890,PlugInEV,1
0,24,600,1892,OnlineEV,1
0,24,600,1894,PlugInEV,1
0,24,600,1896,OnlineEV,1
0,24,600,1898,PlugInEV,1
0,24,600,1900,OnlineEV,1
0,24,600,1902,PlugInEV,1
0,24,600,1904,OnlineEV,1
0,24,600,1906,PlugInEV,1
0,24,600,1908,OnlineEV,1
0,24,600,1910,PlugInEV,1
0,24,600,1912,OnlineEV,1
0,24,600,1914,PlugInEV,1
0,24,600,1916,OnlineEV,1
0,24,600,1918,PlugInEV,1
0,24,600,1920,OnlineEV,1
0,24,600,1922,PlugInEV,1
0,24,600,1924,OnlineEV,1
0,24,600,1926,PlugInEV,1
0,24,600,1928,OnlineEV,1
0,24,600,1930,PlugInEV,1
0,24,600,1932,OnlineEV,1
0,24,600,1934,PlugInEV,1
0,24,600,1936,OnlineEV,1
0,24,600,1938,PlugInEV,1
0,24,600,1940,OnlineEV,1
0,24,600,1942,PlugInEV,1
0,24,600,1944,OnlineEV,1
0,24,600,1946,PlugInEV,1
0,24,600,1948,OnlineEV,1
0,24,600,1950,PlugInEV,1
0,24,600,1952,OnlineEV,1
0,24,600,1954,PlugInEV,1
0,24,600,1956,OnlineEV,1
0,24,600,1958,PlugInEV,1
0,24,600,1960,OnlineEV,1
0,24,600,1962,PlugInEV,1
0,24,600,1964,OnlineEV,1
0,24,600,1966,PlugInEV,1
0,24,600,1968,OnlineEV,1
0,24,600,1970,PlugInEV,1
0,24,600,1972,OnlineEV,1
0,24,600,1974,PlugInEV,1
0,24,600,1976,OnlineEV,1
0,24,600,1978,PlugInEV,1
0,24,600,1980,OnlineEV,1
0,24,600,1982,PlugInEV,1
0,24,600,1984,OnlineEV,1
0,24,600,1986,PlugInEV,1
0,24,600,1988,OnlineEV,1
0,24,600,1990,PlugInEV,1
0,24,600,1992,OnlineEV,1
0,24,600,1994,PlugInEV,1
0,24,600,1996,OnlineEV,1
0,24,600,1998,PlugInEV,1
0,24,600,2000,OnlineEV,1
0,24,600,2002,PlugInEV,1
0,24,600,2004,OnlineEV,1
0,24,600,2006,PlugInEV,1
0,24,600,2008,OnlineEV,1
0,24,600,2010,PlugInEV,1
0,24,600,2012,OnlineEV,1
0,24,600,2014,PlugInEV,1
0,24,600,2016,OnlineEV,1
0,24,600,2018,PlugInEV,1
0,24,600,2020,OnlineEV,1
0,24,600,2022,PlugInEV,1
0,24,600,2024,OnlineEV,1
0,24,600,2026,PlugInEV,1
0,24,600,2028,OnlineEV,1
0,24,600,2030,PlugInEV,1
0,24,600,2032,OnlineEV,1
0,24,600,2034,PlugInEV,1
0,24,600,2036,OnlineEV,1
0,24,600,2038,PlugInEV,1
0,24,600,2040,OnlineEV,1
0,24,600,2042,PlugInEV,1
0,24,600,2044,OnlineEV,1
0,24,600,2046,PlugInEV,1
0,24,600,2048,OnlineEV,1
0,24,600,2050,PlugInEV,1
0,24,600,2052,OnlineEV,1
0,24,600,2054,PlugInEV,1
0,24,600,2056,OnlineEV,1
0,24,600,2058,PlugInEV,1
0,24,600,2060,OnlineEV,1
0,24,600,2062,PlugInEV,1
0,24,600,2064,OnlineEV,1
0,24,600,2066,PlugInEV,1
0,24,600,2068,OnlineEV,1
0,24,600,2070,PlugInEV,1
0,24,600,2072,OnlineEV,1
0,24,600,2074,PlugInEV,1
0,24,600,2076,OnlineEV,1
0,24,600,2078,PlugInEV,1
0,24,600,2080,OnlineEV,1
0,24,600,2082,PlugInEV,1
0,24,600,2084,OnlineEV,1
0,24,600,2086,PlugInEV,1
0,24,600,2088,OnlineEV,1
0,24,600,2090,PlugInEV,1
0,24,600,2092,OnlineEV,1
0,24,600,2094,PlugInEV,1
0,24,600,2096,OnlineEV,1
0,24,600,2098,PlugInEV,1
0,24,600,2100,OnlineEV,1
0,24,600,2102,PlugInEV,1
0,24,600,2104,OnlineEV,1
0,24,600,2106,PlugInEV,1
0,24,600,2108,OnlineEV,1
0,24,600,2110,PlugInEV,1
0,24,600,2112,OnlineEV,1
0,24,600,2114,PlugInEV,1
0,24,600,2116,OnlineEV,1
0,24,600,2118,PlugInEV,1
0,24,600,2120,OnlineEV,1
0,24,600,2122,PlugInEV,1
0,24,600,2124,OnlineEV,1
0,24,600,2126,PlugInEV,1
0,24,600,2128,OnlineEV,1
0,24,600,2130,PlugInEV,1
0,24,600,2132,OnlineEV,1
0,24,600,2134,PlugInEV,1
0,24,600,2136,OnlineEV,1
0,24,600,2138,PlugInEV,1
0,24,600,2140,OnlineEV,1
0,24,600,2142,PlugInEV,1
0,24,600,2144,OnlineEV,1
0,24,600,2146,PlugInEV,1
0,24,600,2148,OnlineEV,1
0,24,600,2150,PlugInEV,1
0,24,600,2152,OnlineEV,1
0,24,600,2154,PlugInEV,1
0,24,600,2156,OnlineEV,1
0,24,600,2158,PlugInEV,1
0,24,600,2160,OnlineEV,1
0,24,600,2162,PlugInEV,1
0,24,600,2164,OnlineEV,1
0,24,600,2166,PlugInEV,1
0,24,600,2168,OnlineEV,1
0,24,600,2170,PlugInEV,1
0,24,600,2172,OnlineEV,1
0,24,600,2174,PlugInEV,1
0,24,600,2176,OnlineEV,1
0,24,600,2178,PlugInEV,1
0,24,600,2180,OnlineEV,1
0,24,600,2182,PlugInEV,1
0,24,600,2184,OnlineEV,1
0,24,600,2186,PlugInEV,1
0,24,600,2188,OnlineEV,1
0,24,600,2190,PlugInEV,1
0,24,600,2192,OnlineEV,1
0,24,600,2194,PlugInEV,1
0,24,600,2196,OnlineEV,1
0,24,600,2198,PlugInEV,1
0,24,600,2200,OnlineEV,1
0,24,600,2202,PlugInEV,1
0,24,600,2204,OnlineEV,1
0,24,600,2206,PlugInEV,1
0,24,600,2208,OnlineEV,1
0,24,600,2210,PlugInEV,1
0,24,600,2212,OnlineEV,1
0,24,600,2214,PlugInEV,1
0,24,600,2216,OnlineEV,1
0,24,600,2218,PlugInEV,1
0,24,600,2220,OnlineEV,1
0,24,600,2222,PlugInEV,1
0,24,600,2224,OnlineEV,1
0,24,600,2226,PlugInEV,1
0,24,600,2228,OnlineEV,1
0,24,600,2230,PlugInEV,1
0,24,600,2232,OnlineEV,1
0,24,600,2234,PlugInEV,1
0,24,600,2236,OnlineEV,1
0,24,600,2238,PlugInEV,1
0,24,600,2240,OnlineEV,1
0,24,600,2242,PlugInEV,1
0,24,600,2244,OnlineEV,1
0,24,600,2246,PlugInEV,1
0,24,600,2248,OnlineEV,1
0,24,600,2250,PlugInEV,1
0,24,600,2252,OnlineEV,1
0,24,600,2254,PlugInEV,1
0,24,600,2256,OnlineEV,1
0,24,600,2258,PlugInEV,1
0,24,600,2260,OnlineEV,1
0,24,600,2262,PlugInEV,1
0,24,600,2264,OnlineEV,1
0,24,600,2266,PlugInEV,1
0,24,600,2268,OnlineEV,1
0,24,600,2270,PlugInEV,1
0,24,600,2272,OnlineEV,1
0,24,600,2274,PlugInEV,1
0,24,600,2276,OnlineEV,1
0,24,600,2278,PlugInEV,1
0,24,600,2280,OnlineEV,1
0,24,600,2282,PlugInEV,1
0,24,600,2284,OnlineEV,1
0,24,600,2286,PlugInEV,1
0,24,600,2288,OnlineEV,1
0,24,600,2290,PlugInEV,1
0,24,600,2292,OnlineEV,1
0,24,600,2294,PlugInEV,1
0,24,600,2296,OnlineEV,1
0,24,600,2298,PlugInEV,1
0,24,600,2300,OnlineEV,1
0,24,600,2302,PlugInEV,1
0,24,600,2304,OnlineEV,1
0,24,600,2306,PlugInEV,1
0,24,600,2308,OnlineEV,1
0,24,600,2310,PlugInEV,1
0,24,600,2312,OnlineEV,1
0,24,600,2314,PlugInEV,1
0,24,600,2316,OnlineEV,1
0,24,600,2318,PlugInEV,1
0,24,600,2320,OnlineEV,1
0,24,600,2322,PlugInEV,1
0,24,600,2324,OnlineEV,1
0,24,600,2326,PlugInEV,1
0,24,600,2328,OnlineEV,1
0,24,600,2330,PlugInEV,1
0,24,600,2332,OnlineEV,1
0,24,600,2334,PlugInEV,1
0,24,600,2336,OnlineEV,1
0,24,600,2338,PlugInEV,1
0,24,600,2340,OnlineEV,1
0,24,600,2342,PlugInEV,1
0,24,600,2344,OnlineEV,1
0,24,600,2346,PlugInEV,1
0,24,600,2348,OnlineEV,1
0,24,600,2350,PlugInEV,1
0,24,600,2352,OnlineEV,1
0,24,600,2354,PlugInEV,1
0,24,600,2356,OnlineEV,1
0,24,600,2358,PlugInEV,1
0,24,600,2360,OnlineEV,1
0,24,600,2362,PlugInEV,1
0,24,600,2364,OnlineEV,1
0,24,600,2366,PlugInEV,1
0,24,600,2368,OnlineEV,1
0,24,600,2370,PlugInEV,1
0,24,600,2372,OnlineEV,1
0,24,600,2374,PlugInEV,1
0,24,600,2376,OnlineEV,1
0,24,600,2378,PlugInEV,1
0,24,600,2380,OnlineEV,1
0,24,600,2382,PlugInEV,1
0,24,600,2384,OnlineEV,1
0,24,600,2386,PlugInEV,1
0,24,600,2388,OnlineEV,1
0,24,600,2390,PlugInEV,1
0,24,600,2392,OnlineEV,1
0,24,600,2394,PlugInEV,1
0,24,600,2396,OnlineEV,1
0,24,600,2398,PlugInEV,1
0,24,600,2400,OnlineEV,1
0,24,600,2402,PlugInEV,1
0,24,600,2404,OnlineEV,1
0,24,600,2406,PlugInEV,1
0,24,600,2408,OnlineEV,1
0,24,600,2410,PlugInEV,1
0,24,600,2412,OnlineEV,1
0,24,600,2414,PlugInEV,1
0,24,600,2416,OnlineEV,1
0,24,600,2418,PlugInEV,1
0,24,600,2420,OnlineEV,1
0,24,600,2422,PlugInEV,1
0,24,600,2424,OnlineEV,1
0,24,600,2426,PlugInEV,1
0,24,600,2428,OnlineEV,1
0,24,600,2430,PlugInEV,1
0,24,600,2432,OnlineEV,1
0,24,600,2434,PlugInEV,1
0,24,600,2436,OnlineEV,1
0,24,600,2438,PlugInEV,1
0,24,600,2440,OnlineEV,1
0,24,600,2442,PlugInEV,1
0,24,600,2444,OnlineEV,1
0,24,600,2446,PlugInEV,1
0,24,600,2448,OnlineEV,1
0,24,600,2450,PlugInEV,1
0,24,600,2452,OnlineEV,1
0,24,600,2454,PlugInEV,1
0,24,600,2456,OnlineEV,1
0,24,600,2458,PlugInEV,1
0,24,600,2460,OnlineEV,1
0,24,600,2462,PlugInEV,1
0,24,600,2464,OnlineEV,1
0,24,600,2466,PlugInEV,1
0,24,600,2468,OnlineEV,1
0,24,600,2470,PlugInEV,1
0,24,600,2472,OnlineEV,1
0,24,600,2474,PlugInEV,1
0,24,600,2476,OnlineEV,1
0,24,600,2478,PlugInEV,1
0,24,600,2480,OnlineEV,1
0,24,600,2482,PlugInEV,1
0,24,600,2484,OnlineEV,1
0,24,600,2486,PlugInEV,1
0,24,600,2488,OnlineEV,1
0,24,600,2490,PlugInEV,1
0,24,600,2492,OnlineEV,1
0,24,600,2494,PlugInEV,1
0,24,600,2496,OnlineEV,1
0,24,600,2498,PlugInEV,1
0,24,600,2500,OnlineEV,1
0,24,600,2502,PlugInEV,1
0,24,600,2504,OnlineEV,1
0,24,600,2506,PlugInEV,1
0,24,600,2508,OnlineEV,1
0,24,600,2510,PlugInEV,1
0,24,600,2512,OnlineEV,1
0,24,600,2514,PlugInEV,1
0,24,600,2516,OnlineEV,1
0,24,600,2518,PlugInEV,1
0,24,600,2520,OnlineEV,1
0,24,600,2522,PlugInEV,1
0,24,600,2524,OnlineEV,1
0,24,600,2526,PlugInEV,1
0,24,600,2528,OnlineEV,1
0,24,600,2530,PlugInEV,1
0,24,600,2532,OnlineEV,1
0,24,600,2534,PlugInEV,1
0,24,600,2536,OnlineEV,1
0,24,600,2538,PlugInEV,1
0,24,600,2540,OnlineEV,1
0,24,600,2542,PlugInEV,1
0,24,600,2544,OnlineEV,1
0,24,600,2546,PlugInEV,1
0,24,600,2548,OnlineEV,1
0,24,600,2550,PlugInEV,1
0,24,600,2552,OnlineEV,1
0,24,600,2554,PlugInEV,1
0,24,600,2556,OnlineEV,1
0,24,600,2558,PlugInEV,1
0,24,600,2560,OnlineEV,1
0,24,600,2562,PlugInEV,1
0,24,600,2564,OnlineEV,1
0,24,600,2566,PlugInEV,1
0,24,600,2568,OnlineEV,1
0,24,600,2570,PlugInEV,1
0,24,600,2572,OnlineEV,1
0,24,600,2574,PlugInEV,1
0,24,600,2576,OnlineEV,1
0,24,600,2578,PlugInEV,1
0,24,600,2580,OnlineEV,1
0,24,600,2582,PlugInEV,1
0,24,600,2584,OnlineEV,1
0,24,600,2586,PlugInEV,1
0,24,600,2588,OnlineEV,1
0,24,600,2590,PlugInEV,1
0,24,600,2592,OnlineEV,1
0,24,600,2594,PlugInEV,1
0,24,600,2596,OnlineEV,1
0,24,600,2598,PlugInEV,1
0,24,600,2600,OnlineEV,1
0,24,600,2602,PlugInEV,1
0,24,600,2604,OnlineEV,1
0,24,600,2606,PlugInEV,1
0,24,600,2608,OnlineEV,1
0,24,600,2610,PlugInEV,1
0,24,600,2612,OnlineEV,1
0,24,600,2614,PlugInEV,1
0,24,600,2616,OnlineEV,1
0,24,600,2618,PlugInEV,1
0,24,600,2620,OnlineEV,1
0,24,600,2622,PlugInEV,1
0,24,600,2624,OnlineEV,1
0,24,600,2626,PlugInEV,1
0,24,600,2628,OnlineEV,1
0,24,600,2630,PlugInEV,1
0,24,600,2632,OnlineEV,1
0,24,600,2634,PlugInEV,1
0,24,600,2636,OnlineEV,1
0,24,600,2638,PlugInEV,1
0,24,600,2640,OnlineEV,1
0,24,600,2642,PlugInEV,1
0,24,600,2644,OnlineEV,1
0,24,600,2646,PlugInEV,1
0,24,600,2648,OnlineEV,1
0,24,600,2650,PlugInEV,1
0,24,600,2652,OnlineEV,1
0,24,600,2654,PlugInEV,1
0,24,600,2656,OnlineEV,1
0,24,600,2658,PlugInEV,1
0,24,600,2660,OnlineEV,1
0,24,600,2662,PlugInEV,1
0,24,600,2664,OnlineEV,1
0,24,600,2666,PlugInEV,1
0,24,600,2668,OnlineEV,1
0,24,600,2670,PlugInEV,1
0,24,600,2672,OnlineEV,1
0,24,600,2674,PlugInEV,1
0,24,600,2676,OnlineEV,1
0,24,600,2678,PlugInEV,1
0,24,600,2680,OnlineEV,1
0,24,600,2682,PlugInEV,1
0,24,600,2684,OnlineEV,1
0,24,600,2686,PlugInEV,1
0,24,600,2688,OnlineEV,1
0,24,600,2690,PlugInEV,1
0,24,600,2692,OnlineEV,1
0,24,600,2694,PlugInEV,1
0,24,600,2696,OnlineEV,1
0,24,600,2698,PlugInEV,1
0,24,600,2700,OnlineEV,1
0,24,600,2702,PlugInEV,1
0,24,600,2704,OnlineEV,1
0,24,600,2706,PlugInEV,1
0,24,600,2708,OnlineEV,1
0,24,600,2710,PlugInEV,1
0,24,600,2712,OnlineEV,1
0,24,600,2714,PlugInEV,1
0,24,600,2716,OnlineEV,1
0,24,600,2718,PlugInEV,1
0,24,600,2720,OnlineEV,1
0,24,600,2722,PlugInEV,1
0,24,600,2724,OnlineEV,1
0,24,600,2726,PlugInEV,1
0,24,600,2728,OnlineEV,1
0,24,600,2730,PlugInEV,1
0,24,600,2732,OnlineEV,1
0,24,600,2734,PlugInEV,1
0,24,600,2736,OnlineEV,1
0,24,600,2738,PlugInEV,1
0,24,600,2740,OnlineEV,1
0,24,600,2742,PlugInEV,1
0,24,600,2744,OnlineEV,1
0,24,600,2746,PlugInEV,1
0,24,600,2748,OnlineEV,1
0,24,600,2750,PlugInEV,1
0,24,600,2752,OnlineEV,1
0,24,600,2754,PlugInEV,1
0,24,600,2756,OnlineEV,1
0,24,600,2758,PlugInEV,1
0,24,600,2760,OnlineEV,1
0,24,600,2762,PlugInEV,1
0,24,600,2764,OnlineEV,1
0,24,600,2766,PlugInEV,1
0,24,600,2768,OnlineEV,1
0,24,600,2770,PlugInEV,1
0,24,600,2772,OnlineEV,1
0,24,600,2774,PlugInEV,1
0,24,600,2776,OnlineEV,1
0,24,600,2778,PlugInEV,1
0,24,600,2780,OnlineEV,1
0,24,600,2782,PlugInEV,1
0,24,600,2784,OnlineEV,1
0,24,600,2786,PlugInEV,1
0,24,600,2788,OnlineEV,1
0,24,600,2790,PlugInEV,1
0,24,600,2792,OnlineEV,1
0,24,600,2794,PlugInEV,1
0,24,600,2796,OnlineEV,1
0,24,600,2798,PlugInEV,1
0,24,600,2800,OnlineEV,1
0,24,600,2802,PlugInEV,1
0,24,600,2804,OnlineEV,1
0,24,600,2806,PlugInEV,1
0,24,600,2808,OnlineEV,1
0,24,600,2810,PlugInEV,1
0,24,600,2812,OnlineEV,1
0,24,600,2814,PlugInEV,1
0,24,600,2816,OnlineEV,1
0,24,600,2818,PlugInEV,1
0,24,600,2820,OnlineEV,1
0,24,600,2822,PlugInEV,1
0,24,600,2824,OnlineEV,1
0,24,600,2826,PlugInEV,1
0,24,600,2828,OnlineEV,1
0,24,600,2830,PlugInEV,1
0,24,600,2832,OnlineEV,1
0,24,600,2834,PlugInEV,1
0,24,600,2836,OnlineEV,1
0,24,600,2838,PlugInEV,1
0,24,600,2840,OnlineEV,1
0,24,600,2842,PlugInEV,1
0,24,600,2844,OnlineEV,1
0,24,600,2846,PlugInEV,1
0,24,600,2848,OnlineEV,1
0,24,600,2850,PlugInEV,1
0,24,600,2852,OnlineEV,1
0,24,600,2854,PlugInEV,1
0,24,600,2856,OnlineEV,1
0,24,600,2858,PlugInEV,1
0,24,600,2860,OnlineEV,1
0,24,600,2862,PlugInEV,1
0,24,600,2864,OnlineEV,1
0,24,600,2866,PlugInEV,1
0,24,600,2868,OnlineEV,1
0,24,600,2870,PlugInEV,1
0,24,600,2872,OnlineEV,1
0,24,600,2874,PlugInEV,1
0,24,600,2876,OnlineEV,1
0,24,600,2878,PlugInEV,1
0,24,600,2880,OnlineEV,1
0,24,600,2882,PlugInEV,1
0,24,600,2884,OnlineEV,1
0,24,600,2886,PlugInEV,1
0,24,600,2888,OnlineEV,1
0,24,600,2890,PlugInEV,1
0,24,600,2892,OnlineEV,1
0,24,600,2894,PlugInEV,1
0,24,600,2896,OnlineEV,1
0,24,600,2898,PlugInEV,1
0,24,600,2900,OnlineEV,1
0,24,600,2902,PlugInEV,1
0,24,600,2904,OnlineEV,1
0,24,600,2906,PlugInEV,1
0,24,600,2908,OnlineEV,1
0,24,600,2910,PlugInEV,1
0,24,600,2912,OnlineEV,1
0,24,600,2914,PlugInEV,1
0,24,600,2916,OnlineEV,1
0,24,600,2918,PlugInEV,1
0,24,600,2920,OnlineEV,1
0,24,600,2922,PlugInEV,1
0,24,600,2924,OnlineEV,1
0,24,600,2926,PlugInEV,1
0,24,600,2928,OnlineEV,1
0,24,600,2930,PlugInEV,1
0,24,600,2932,OnlineEV,1
0,24,600,2934,PlugInEV,1
0,24,600,2936,OnlineEV,1
0,24,600,2938,PlugInEV,1
0,24,600,2940,OnlineEV,1
0,24,600,2942,PlugInEV,1
0,24,600,2944,OnlineEV,1
0,24,600,2946,PlugInEV,1
0,24,600,2948,OnlineEV,1
0,24,600,2950,PlugInEV,1
0,24,600,2952,OnlineEV,1
0,24,600,2954,PlugInEV,1
0,24,600,2956,OnlineEV,1
0,24,600,2958,PlugInEV,1
0,24,600,2960,OnlineEV,1
0,24,600,2962,PlugInEV,1
0,24,600,2964,OnlineEV,1
0,24,600,2966,PlugInEV,1
0,24,600,2968,OnlineEV,1
0,24,600,2970,PlugInEV,1
0,24,600,2972,OnlineEV,1
0,24,600,2974,PlugInEV,1
0,24,600,2976,OnlineEV,1
0,24,600,2978,PlugInEV,1
0,24,600,2980,OnlineEV,1
0,24,600,2982,PlugInEV,1
0,24,600,2984,OnlineEV,1
0,24,600,2986,PlugInEV,1
0,24,600,2988,OnlineEV,1
0,24,600,2990,PlugInEV,1
0,24,600,2992,OnlineEV,1
0,24,600,2994,PlugInEV,1
0,24,600,2996,OnlineEV,1
0,24,600,2998,PlugInEV,1
0,24,600,3000,OnlineEV,1
0,24,600,3002,PlugInEV,1
0,24,600,3004,OnlineEV,1
0,24,600,3006,PlugInEV,1
0,24,600,3008,OnlineEV,1
0,24,600,3010,PlugInEV,1
0,24,600,3012,OnlineEV,1
0,24,600,3014,PlugInEV,1
0,24,600,3016,OnlineEV,1
0,24,600,3018,PlugInEV,1
0,24,600,3020,OnlineEV,1
0,24,600,3022,PlugInEV,1
0,24,600,3024,OnlineEV,1
0,24,600,3026,PlugInEV,1
0,24,600,3028,OnlineEV,1
0,24,600,3030,PlugInEV,1
0,24,600,3032,OnlineEV,1
0,24,600,3034,PlugInEV,1
0,24,600,3036,OnlineEV,1
0,24,600,3038,PlugInEV,1
0,24,600,3040,OnlineEV,1
0,24,600,3042,PlugInEV,1
0,24,600,3044,OnlineEV,1
0,24,600,3046,PlugInEV,1
0,24,600,3048,OnlineEV,1
0,24,600,3050,PlugInEV,1
0,24,600,3052,OnlineEV,1
0,24,600,3054,PlugInEV,1
0,24,600,3056,OnlineEV,1
0,24,600,3058,PlugInEV,1
0,24,600,3060,OnlineEV,1
0,24,600,3062,PlugInEV,1
0,24,600,3064,OnlineEV,1
0,24,600,3066,PlugInEV,1
0,24,600,3068,OnlineEV,1
0,24,600,3070,PlugInEV,1
0,24,600,3072,OnlineEV,1
0,24,600,3074,PlugInEV,1
0,24,600,3076,OnlineEV,1
0,24,600,3078,PlugInEV,1
0,24,600,3080,OnlineEV,1
0,24,600,3082,PlugInEV,1
0,24,600,3084,OnlineEV,1
0,24,600,3086,PlugInEV,1
0,24,600,3088,OnlineEV,1
0,24,600,3090,PlugInEV,1
0,24,600,3092,OnlineEV,1
0,24,600,3094,PlugInEV,1
0,24,600,3096,OnlineEV,1
0,24,600,3098,PlugInEV,1
0,24,600,3100,OnlineEV,1
0,24,600,3102,PlugInEV,1
0,24,600,3104,OnlineEV,1
0,24,600,3106,PlugInEV,1
0,24,600,3108,OnlineEV,1
0,24,600,3110,PlugInEV,1
0,24,600,3112,OnlineEV,1
0,24,600,3114,PlugInEV,1
0,24,600,3116,OnlineEV,1
0,24,600,3118,PlugInEV,1
0,24,600,3120,OnlineEV,1
0,24,600,3122,PlugInEV,1
0,24,600,3124,OnlineEV,1
0,24,600,3126,PlugInEV,1
0,24,600,3128,OnlineEV,1
0,24,600,3130,PlugInEV,1
0,24,600,3132,OnlineEV,1
0,24,600,3134,PlugInEV,1
0,24,600,3136,OnlineEV,1
0,24,600,3138,PlugInEV,1
0,24,600,3140,OnlineEV,1
0,24,600,3142,PlugInEV,1
0,24,600,3144,OnlineEV,1
0,24,600,3146,PlugInEV,1
0,24,600,3148,OnlineEV,1
0,24,600,3150,PlugInEV,1
0,24,600,3152,OnlineEV,1
0,24,600,3154,PlugInEV,1
0,24,600,3156,OnlineEV,1
0,24,600,3158,PlugInEV,1
0,24,600,3160,OnlineEV,1
0,24,600,3162,PlugInEV,1
0,24,600,3164,OnlineEV,1
0,24,600,3166,PlugInEV,1
0,24,600,3168,OnlineEV,1
0,24,600,3170,PlugInEV,1
0,24,600,3172,OnlineEV,1
0,24,600,3174,PlugInEV,1
0,24,600,3176,OnlineEV,1
0,24,600,3178,PlugInEV,1
0,24,600,3180,OnlineEV,1
0,24,600,3182,PlugInEV,1
0,24,600,3184,OnlineEV,1
0,24,600,3186,PlugInEV,1
0,24,600,3188,OnlineEV,1
0,24,600,3190,PlugInEV,1
0,24,600,3192,OnlineEV,1
0,24,600,3194,PlugInEV,1
0,24,600,3196,OnlineEV,1
0,24,600,3198,PlugInEV,1
0,24,600,3200,OnlineEV,1
0,24,600,3202,PlugInEV,1
0,24,600,3204,OnlineEV,1
0,24,600,3206,PlugInEV,1
0,24,600,3208,OnlineEV,1
0,24,600,3210,PlugInEV,1
0,24,600,3212,OnlineEV,1
0,24,600,3214,PlugInEV,1
0,24,600,3216,OnlineEV,1
0,24,600,3218,PlugInEV,1
0,24,600,3220,OnlineEV,1
0,24,600,3222,PlugInEV,1
0,24,600,3224,OnlineEV,1
0,24,600,3226,PlugInEV,1
0,24,600,3228,OnlineEV,1
0,24,600,3230,PlugInEV,1
0,24,600,3232,OnlineEV,1
0,24,600,3234,PlugInEV,1
0,24,600,3236,OnlineEV,1
0,24,600,3238,PlugInEV,1
0,24,600,3240,OnlineEV,1
0,24,600,3242,PlugInEV,1
0,24,600,3244,OnlineEV,1
0,24,600,3246,PlugInEV,1
0,24,600,3248,OnlineEV,1
0,24,600,3250,PlugInEV,1
0,24,600,3252,OnlineEV,1
0,24,600,3254,PlugInEV,1
0,24,600,3256,OnlineEV,1
0,24,600,3258,PlugInEV,1
0,24,600,3260,OnlineEV,1
0,24,600,3262,PlugInEV,1
0,24,600,3264,OnlineEV,1
0,24,600,3266,PlugInEV,1
0,24,600,3268,OnlineEV,1
0,24,600,3270,PlugInEV,1
0,24,600,3272,OnlineEV,1
0,24,600,3274,PlugInEV,1
0,24,600,3276,OnlineEV,1
0,24,600,3278,PlugInEV,1
0,24,600,3280,OnlineEV,1
0,24,600,3282,PlugInEV,1
0,24,600,3284,OnlineEV,1
0,24,600,3286,PlugInEV,1
0,24,600,3288,OnlineEV,1
0,24,600,3290,PlugInEV,1
0,24,600,3292,OnlineEV,1
0,24,600,3294,PlugInEV,1
0,24,600,3296,OnlineEV,1
0,24,600,3298,PlugInEV,1
0,24,600,3300,OnlineEV,1
0,24,600,3302,PlugInEV,1
0,24,600,3304,OnlineEV,1
0,24,600,3306,PlugInEV,1
0,24,600,3308,OnlineEV,1
0,24,600,3310,PlugInEV,1
0,24,600,3312,OnlineEV,1
0,24,600,3314,PlugInEV,1
0,24,600,3316,OnlineEV,1
0,24,600,3318,PlugInEV,1
0,24,600,3320,OnlineEV,1
0,24,600,3322,PlugInEV,1
0,24,600,3324,OnlineEV,1
0,24,600,3326,PlugInEV,1
0,24,600,3328,OnlineEV,1
0,24,600,3330,PlugInEV,1
0,24,600,3332,OnlineEV,1
0,24,600,3334,PlugInEV,1
0,24,600,3336,OnlineEV,1
0,24,600,3338,PlugInEV,1
0,24,600,3340,OnlineEV,1
0,24,600,3342,PlugInEV,1
0,24,600,3344,OnlineEV,1
0,24,600,3346,PlugInEV,1
0,24,600,3348,OnlineEV,1
0,24,600,3350,PlugInEV,1
0,24,600,3352,OnlineEV,1
0,24,600,3354,PlugInEV,1
0,24,600,3356,OnlineEV,1
0,24,600,3358,PlugInEV,1
0,24,600,3360,OnlineEV,1
0,24,600,3362,PlugInEV,1
0,24,600,3364,OnlineEV,1
0,24,600,3366,PlugInEV,1
0,24,600,3368,OnlineEV,1
0,24,600,3370,PlugInEV,1
0,24,600,3372,OnlineEV,1
0,24,600,3374,PlugInEV,1
0,24,600,3376,OnlineEV,1
0,24,600,3378,PlugInEV,1
0,24,600,3380,OnlineEV,1
0,24,600,3382,PlugInEV,1
0,24,600,3384,OnlineEV,1
0,24,600,3386,PlugInEV,1
0,24,600,3388,OnlineEV,1
0,24,600,3390,PlugInEV,1
0,24,600,3392,OnlineEV,1
0,24,600,3394,PlugInEV,1
0,24,600,3396,OnlineEV,1
0,24,600,3398,PlugInEV,1
0,24,600,3400,OnlineEV,1
0,24,600,3402,PlugInEV,1
0,24,600,3404,OnlineEV,1
0,24,600,3406,PlugInEV,1
0,24,600,3408,OnlineEV,1
0,24,600,3410,PlugInEV,1
0,24,600,3412,OnlineEV,1
0,24,600,3414,PlugInEV,1
0,24,600,3416,OnlineEV,1
0,24,600,3418,PlugInEV,1
0,24,600,3420,OnlineEV,1
0,24,600,3422,PlugInEV,1
0,24,600,3424,OnlineEV,1
0,24,600,3426,PlugInEV,1
0,24,600,3428,OnlineEV,1
0,24,600,3430,PlugInEV,1
0,24,600,3432,OnlineEV,1
0,24,600,3434,PlugInEV,1
0,24,600,3436,OnlineEV,1
0,24,600,3438,PlugInEV,1
0,24,600,3440,OnlineEV,1
0,24,600,3442,PlugInEV,1
0,24,600,3444,OnlineEV,1
0,24,600,3446,PlugInEV,1
0,24,600,3448,OnlineEV,1
0,24,600,3450,PlugInEV,1
0,24,600,3452,OnlineEV,1
0,24,600,3454,PlugInEV,1
0,24,600,3456,OnlineEV,1
0,24,600,3458,PlugInEV,1
0,24,600,3460,OnlineEV,1
0,24,600,3462,PlugInEV,1
0,24,600,3464,OnlineEV,1
0,24,600,3466,PlugInEV,1
0,24,600,3468,OnlineEV,1
0,24,600,3470,PlugInEV,1
0,24,600,3472,OnlineEV,1
0,24,600,3474,PlugInEV,1
0,24,600,3476,OnlineEV,1
0,24,600,3478,PlugInEV,1
0,24,600,3480,OnlineEV,1
0,24,600,3482,PlugInEV,1
0,24,600,3484,OnlineEV,1
0,24,600,3486,PlugInEV,1
0,24,600,3488,OnlineEV,1
0,24,600,3490,PlugInEV,1
0,24,600,3492,OnlineEV,1
0,24,600,3494,PlugInEV,1
0,24,600,3496,OnlineEV,1
0,24,600,3498,PlugInEV,1
0,24,600,3500,OnlineEV,1
0,24,600,3502,PlugInEV,1
0,24,600,3504,OnlineEV,1
0,24,600,3506,PlugInEV,1
0,24,600,3508,OnlineEV,1
0,24,600,3510,PlugInEV,1
0,24,600,3512,OnlineEV,1
0,24,600,3514,PlugInEV,1
0,24,600,3516,OnlineEV,1
0,24,600,3518,PlugInEV,1
0,24,600,3520,OnlineEV,1
0,24,600,3522,PlugInEV,1
0,24,600,3524,OnlineEV,1
0,24,600,3526,PlugInEV,1
0,24,600,3528,OnlineEV,1
0,24,600,3530,PlugInEV,1
0,24,600,3532,OnlineEV,1
0,24,600,3534,PlugInEV,1
0,24,600,3536,OnlineEV,1
0,24,600,3538,PlugInEV,1
0,24,600,3540,OnlineEV,1
0,24,600,3542,PlugInEV,1
0,24,600,3544,OnlineEV,1
0,24,600,3546,PlugInEV,1
0,24,600,3548,OnlineEV,1
0,24,600,3550,PlugInEV,1
0,24,600,3552,OnlineEV,1
0,24,600,3554,PlugInEV,1
0,24,600,3556,OnlineEV,1
0,24,600,3558,PlugInEV,1
0,24,600,3560,OnlineEV,1
0,24,600,3562,PlugInEV,1
0,24,600,3564,OnlineEV,1
0,24,600,3566,PlugInEV,1
0,24,600,3568,OnlineEV,1
0,24,600,3570,PlugInEV,1
0,24,600,3572,OnlineEV,1
0,24,600,3574,PlugInEV,1
0,24,600,3576,OnlineEV,1
0,24,600,3578,PlugInEV,1
0,24,600,3580,OnlineEV,1
0,24,600,3582,PlugInEV,1
0,24,600,3584,OnlineEV,1
0,24,600,3586,PlugInEV,1
0,24,600,3588,OnlineEV,1
0,24,600,3590,PlugInEV,1
0,24,600,3592,OnlineEV,1
0,24,600,3594,PlugInEV,1
0,24,600,3596,OnlineEV,1
0,24,600,3598,PlugInEV,1
0,24,600,3600,OnlineEV,1
0,24,600,3602,PlugInEV,1
0,24,600,3604,OnlineEV,1
0,24,600,3606,PlugInEV,1
0,24,600,3608,OnlineEV,1
0,24,600,3610,PlugInEV,1
0,24,600,3612,OnlineEV,1
0,24,600,3614,PlugInEV,1
0,24,600,3616,OnlineEV,1
0,24,600,3618,PlugInEV,1
0,24,600,3620,OnlineEV,1
0,24,600,3622,PlugInEV,1
0,24,600,3624,OnlineEV,1
0,24,600,3626,PlugInEV,1
0,24,600,3628,OnlineEV,1
0,24,600,3630,PlugInEV,1
0,24,600,3632,OnlineEV,1
0,24,600,3634,PlugInEV,1
0,24,600,3636,OnlineEV,1
0,24,600,3638,PlugInEV,1
0,24,600,3640,OnlineEV,1
0,24,600,3642,PlugInEV,1
0,24,600,3644,OnlineEV,1
0,24,600,3646,PlugInEV,1
0,24,600,3648,OnlineEV,1
0,24,600,3650,PlugInEV,1
0,24,600,3652,OnlineEV,1
0,24,600,3654,PlugInEV,1
0,24,600,3656,OnlineEV,1
0,24,600,3658,PlugInEV,1
0,24,600,3660,OnlineEV,1
0,24,600,3662,PlugInEV,1
0,24,600,3664,OnlineEV,1
0,24,600,3666,PlugInEV,1
0,24,600,3668,OnlineEV,1
0,24,600,3670,PlugInEV,1
0,24,600,3672,OnlineEV,1
0,24,600,3674,PlugInEV,1
0,24,600,3676,OnlineEV,1
0,24,600,3678,PlugInEV,1
0,24,600,3680,OnlineEV,1
0,24,600,3682,PlugInEV,1
0,24,600,3684,OnlineEV,1
0,24,600,3686,PlugInEV,1
0,24,600,3688,OnlineEV,1
0,24,600,3690,PlugInEV,1
0,24,600,3692,OnlineEV,1
0,24,600,3694,PlugInEV,1
0,24,600,3696,OnlineEV,1
0,24,600,3698,PlugInEV,1
0,24,600,3700,OnlineEV,1
0,24,600,3702,PlugInEV,1
0,24,600,3704,OnlineEV,1
0,24,600,3706,PlugInEV,1
0,24,600,3708,OnlineEV,1
0,24,600,3710,PlugInEV,1
0,24,600,3712,OnlineEV,1
0,24,600,3714,PlugInEV,1
0,24,600,3716,OnlineEV,1
0,24,600,3718,PlugInEV,1
0,24,600,3720,OnlineEV,1
0,24,600,3722,PlugInEV,1
0,24,600,3724,OnlineEV,1
0,24,600,3726,PlugInEV,1
0,24,600,3728,OnlineEV,1
0,24,600,3730,PlugInEV,1
0,24,600,3732,OnlineEV,1
0,24,600,3734,PlugInEV,1
0,24,600,3736,OnlineEV,1
0,24,600,3738,PlugInEV,1
0,24,600,3740,OnlineEV,1
0,24,600,3742,PlugInEV,1
0,24,600,3744,OnlineEV,1
0,24,600,3746,PlugInEV,1
0,24,600,3748,OnlineEV,1
0,24,600,3750,PlugInEV,1
0,24,600,3752,OnlineEV,1
0,24,600,3754,PlugInEV,1
0,24,600,3756,OnlineEV,1
0,24,600,3758,PlugInEV,1
0,24,600,3760,OnlineEV,1
0,24,600,3762,PlugInEV,1
0,24,600,3764,OnlineEV,1
0,24,600,3766,PlugInEV,1
0,24,600,3768,OnlineEV,1
0,24,600,3770,PlugInEV,1
0,24,600,3772,OnlineEV,1
0,24,600,3774,PlugInEV,1
0,24,600,3776,OnlineEV,1
0,24,600,3778,PlugInEV,1
0,24,600,3780,OnlineEV,1
0,24,600,3782,PlugInEV,1
0,24,600,3784,OnlineEV,1
0,24,600,3786,PlugInEV,1
0,24,600,3788,OnlineEV,1
0,24,600,3790,PlugInEV,1
0,24,600,3792,OnlineEV,1
0,24,600,3794,PlugInEV,1
0,24,600,3796,OnlineEV,1
0,24,600,3798,PlugInEV,1
0,24,600,3800,OnlineEV,1
0,24,600,3802,PlugInEV,1
0,24,600,3804,OnlineEV,1
0,24,600,3806,PlugInEV,1
0,24,600,3808,OnlineEV,1
0,24,600,3810,PlugInEV,1
0,24,600,3812,OnlineEV,1
0,24,600,3814,PlugInEV,1
0,24,600,3816,OnlineEV,1
0,24,600,3818,PlugInEV,1
0,24,600,3820,OnlineEV,1
0,24,600,3822,PlugInEV,1
0,24,600,3824,OnlineEV,1
0,24,600,3826,PlugInEV,1
0,24,600,3828,OnlineEV,1
0,24,600,3830,PlugInEV,1
0,24,600,3832,OnlineEV,1
0,24,600,3834,PlugInEV,1
0,24,600,3836,OnlineEV,1
0,24,600,3838,PlugInEV,1
0,24,600,3840,OnlineEV,1
0,24,600,3842,PlugInEV,1
0,24,600,3844,OnlineEV,1
0,24,600,3846,PlugInEV,1
0,24,600,3848,OnlineEV,1
0,24,600,3850,PlugInEV,1
0,24,600,3852,OnlineEV,1
0,24,600,3854,PlugInEV,1
0,24,600,3856,OnlineEV,1
0,24,600,3858,PlugInEV,1
0,24,600,3860,OnlineEV,1
0,24,600,3862,PlugInEV,1
0,24,600,3864,OnlineEV,1
0,24,600,3866,PlugInEV,1
0,24,600,3868,OnlineEV,1
0,24,600,3870,PlugInEV,1
0,24,600,3872,OnlineEV,1
0,24,600,3874,PlugInEV,1
0,24,600,3876,OnlineEV,1
0,24,600,3878,PlugInEV,1
0,24,600,3880,OnlineEV,1
0,24,600,3882,PlugInEV,1
0,24,600,3884,OnlineEV,1
0,24,600,3886,PlugInEV,1
0,24,600,3888,OnlineEV,1
0,24,600,3890,PlugInEV,1
0,24,600,3892,OnlineEV,1
0,24,600,3894,PlugInEV,1
0,24,600,3896,OnlineEV,1
0,24,600,3898,PlugInEV,1
0,24,600,3900,OnlineEV,1
0,24,600,3902,PlugInEV,1
0,24,600,3904,OnlineEV,1
0,24,600,3906,PlugInEV,1
0,24,600,3908,OnlineEV,1
0,24,600,3910,PlugInEV,1
0,24,600,3912,OnlineEV,1
0,24,600,3914,PlugInEV,1
0,24,600,3916,OnlineEV,1
0,24,600,3918,PlugInEV,1
0,24,600,3920,OnlineEV,1
0,24,600,3922,PlugInEV,1
0,24,600,3924,OnlineEV,1
0,24,600,3926,PlugInEV,1
0,24,600,3928,OnlineEV,1
0,24,600,3930,PlugInEV,1
0,24,600,3932,OnlineEV,1
0,24,600,3934,PlugInEV,1
0,24,600,3936,OnlineEV,1
0,24,600,3938,PlugInEV,1
0,24,600,3940,OnlineEV,1
0,24,600,3942,PlugInEV,1
0,24,600,3944,OnlineEV,1
0,24,600,3946,PlugInEV,1
0,24,600,3948,OnlineEV,1
0,24,600,3950,PlugInEV,1
0,24,600,3952,OnlineEV,1
0,24,600,3954,PlugInEV,1
0,24,600,3956,OnlineEV,1
0,24,600,3958,PlugInEV,1
0,24,600,3960,OnlineEV,1
0,24,600,3962,PlugInEV,1
0,24,600,3964,OnlineEV,1
0,24,600,3966,PlugInEV,1
0,24,600,3968,OnlineEV,1
0,24,600,3970,PlugInEV,1
0,24,600,3972,OnlineEV,1
0,24,600,3974,PlugInEV,1
0,24,600,3976,OnlineEV,1
0,24,600,3978,PlugInEV,1
0,24,600,3980,OnlineEV,1
0,24,600,3982,PlugInEV,1
0,24,600,3984,OnlineEV,1
0,24,600,3986,PlugInEV,1
0,24,600,3988,OnlineEV,1
0,24,600,3990,PlugInEV,1
0,24,600,3992,OnlineEV,1
0,24,600,3994,PlugInEV,1
0,24,600,3996,OnlineEV,1
0,24,600,3998,PlugInEV,1
0,24,600,4000,OnlineEV,1
0,24,600,4002,PlugInEV,1
0,24,600,4004,OnlineEV,1
0,24,600,4006,PlugInEV,1
0,24,600,4008,OnlineEV,1
0,24,600,4010,PlugInEV,1
0,24,600,4012,OnlineEV,1
0,24,600,4014,PlugInEV,1
0,24,600,4016,OnlineEV,1
0,24,600,4018,PlugInEV,1
0,24,600,4020,OnlineEV,1
0,24,600,4022,PlugInEV,1
0,24,600,4024,OnlineEV,1
0,24,600,4026,PlugInEV,1
0,24,600,4028,OnlineEV,1
0,24,600,4030,PlugInEV,1
0,24,600,4032,OnlineEV,1
0,24,600,4034,PlugInEV,1
0,24,600,4036,OnlineEV,1
0,24,600,4038,PlugInEV,1
0,24,600,4040,OnlineEV,1
0,24,600,4042,PlugInEV,1
0,24,600,4044,OnlineEV,1
0,24,600,4046,PlugInEV,1
0,24,600,4048,OnlineEV,1
0,24,600,4050,PlugInEV,1
0,24,600,4052,OnlineEV,1
0,24,600,4054,PlugInEV,1
0,24,600,4056,OnlineEV,1
0,24,600,4058,PlugInEV,1
0,24,600,4060,OnlineEV,1
0,24,600,4062,PlugInEV,1
0,24,600,4064,OnlineEV,1
0,24,600,4066,PlugInEV,1
0,24,600,4068,OnlineEV,1
0,24,600,4070,PlugInEV,1
0,24,600,4072,OnlineEV,1
0,24,600,4074,PlugInEV,1
0,24,600,4076,OnlineEV,1
0,24,600,4078,PlugInEV,1
0,24,600,4080,OnlineEV,1
0,24,600,4082,PlugInEV,1
0,24,600,4084,OnlineEV,1
0,24,600,4086,PlugInEV,1
0,24,600,4088,OnlineEV,1
0,24,600,4090,PlugInEV,1
0,24,600,4092,OnlineEV,1
0,24,600,4094,PlugInEV,1
0,24,600,4096,OnlineEV,1
0,24,600,4098,PlugInEV,1
0,24,600,4100,OnlineEV,1
0,24,600,4102,PlugInEV,1
0,24,600,4104,OnlineEV,1
0,24,600,4106,PlugInEV,1
0,24,600,4108,OnlineEV,1
0,24,600,4110,PlugInEV,1
0,24,600,4112,OnlineEV,1
0,24,600,4114,PlugInEV,1
0,24,600,4116,OnlineEV,1
0,24,600,4118,PlugInEV,1
0,24,600,4120,OnlineEV,1
0,24,600,4122,PlugInEV,1
0,24,600,4124,OnlineEV,1
0,24,600,4126,PlugInEV,1
0,24,600,4128,OnlineEV,1
0,24,600,4130,PlugInEV,1
0,24,600,4132,OnlineEV,1
0,24,600,4134,PlugInEV,1
0,24,600,4136,OnlineEV,1
0,24,600,4138,PlugInEV,1
0,24,600,4140,OnlineEV,1
0,24,600,4142,PlugInEV,1
0,24,600,4144,OnlineEV,1
0,24,600,4146,PlugInEV,1
0,24,600,4148,OnlineEV,1
0,24,600,4150,PlugInEV,1
0,24,600,4152,OnlineEV,1
0,24,600,4154,PlugInEV,1
0,24,600,4156,OnlineEV,1
0,24,600,4158,PlugInEV,1
0,24,600,4160,OnlineEV,1
0,24,600,4162,PlugInEV,1
0,24,600,4164,OnlineEV,1
0,24,600,4166,PlugInEV,1
0,24,600,4168,OnlineEV,1
0,24,600,4170,PlugInEV,1
0,24,600,4172,OnlineEV,1
0,24,600,4174,PlugInEV,1
0,24,600,4176,OnlineEV,1
0,24,600,4178,PlugInEV,1
0,24,600,4180,OnlineEV,1
0,24,600,4182,PlugInEV,1
0,24,600,4184,OnlineEV,1
0,24,600,4186,PlugInEV,1
0,24,600,4188,OnlineEV,1
0,24,600,4190,PlugInEV,1
0,24,600,4192,OnlineEV,1
0,24,600,4194,PlugInEV,1
0,24,600,4196,OnlineEV,1
0,24,600,4198,PlugInEV,1
0,24,600,4200,OnlineEV,1
0,24,600,4202,PlugInEV,1
0,24,600,4204,OnlineEV,1
0,24,600,4206,PlugInEV,1
0,24,600,4208,OnlineEV,1
0,24,600,4210,PlugInEV,1
0,24,600,4212,OnlineEV,1
0,24,600,4214,PlugInEV,1
0,24,600,4216,OnlineEV,1
0,24,600,4218,PlugInEV,1
0,24,600,4220,OnlineEV,1
0,24,600,4222,PlugInEV,1
0,24,600,4224,OnlineEV,1
0,24,600,4226,PlugInEV,1
0,24,600,4228,OnlineEV,1
0,24,600,4230,PlugInEV,1
0,24,600,4232,OnlineEV,1
0,24,600,4234,PlugInEV,1
0,24,600,4236,OnlineEV,1
0,24,600,4238,PlugInEV,1
0,24,600,4240,OnlineEV,1
0,24,600,4242,PlugInEV,1
0,24,600,4244,OnlineEV,1
0,24,600,4246,PlugInEV,1
0,24,600,4248,OnlineEV,1
0,24,600,4250,PlugInEV,1
0,24,600,4252,OnlineEV,1
0,24,600,4254,PlugInEV,1
0,24,600,4256,OnlineEV,1
0,24,600,4258,PlugInEV,1
0,24,600,4260,OnlineEV,1
0,24,600,4262,PlugInEV,1
0,24,600,4264,OnlineEV,1
0,24,600,4266,PlugInEV,1
0,24,600,4268,OnlineEV,1
0,24,600,4270,PlugInEV,1
0,24,600,4272,OnlineEV,1
0,24,600,4274,PlugInEV,1
0,24,600,4276,OnlineEV,1
0,24,600,4278,PlugInEV,1
0,24,600,4280,OnlineEV,1
0,24,600,4282,PlugInEV,1
0,24,600,4284,OnlineEV,1
0,24,600,4286,PlugInEV,1
0,24,600,4288,OnlineEV,1
0,24,600,4290,PlugInEV,1
0,24,600,4292,OnlineEV,1
0,24,600,4294,PlugInEV,1
0,24,600,4296,OnlineEV,1
0,24,600,4298,PlugInEV,1
0,24,600,4300,OnlineEV,1
0,24,600,4302,PlugInEV,1
0,24,600,4304,OnlineEV,1
0,24,600,4306,PlugInEV,1
0,24,600,4308,OnlineEV,1
0,24,600,4310,PlugInEV,1
0,24,600,4312,OnlineEV,1
0,24,600,4314,PlugInEV,1
0,24,600,4316,OnlineEV,1
0,24,600,4318,PlugInEV,1
0,24,600,4320,OnlineEV,1
0,24,600,4322,PlugInEV,1
0,24,600,4324,OnlineEV,1
0,24,600,4326,PlugInEV,1
0,24,600,4328,OnlineEV,1
0,24,600,4330,PlugInEV,1
0,24,600,4332,OnlineEV,1
0,24,600,4334,PlugInEV,1
0,24,600,4336,OnlineEV,1
0,24,600,4338,PlugInEV,1
0,24,600,4340,OnlineEV,1
0,24,600,4342,PlugInEV,1
0,24,600,4344,OnlineEV,1
0,24,600,4346,PlugInEV,1
0,24,600,4348,OnlineEV,1
0,24,600,4350,PlugInEV,1
0,24,600,4352,OnlineEV,1
0,24,600,4354,PlugInEV,1
0,24,600,4356,OnlineEV,1
0,24,600,4358,PlugInEV,1
0,24,600,4360,OnlineEV,1
0,24,600,4362,PlugInEV,1
0,24,600,4364,OnlineEV,1
0,24,600,4366,PlugInEV,1
0,24,600,4368,OnlineEV,1
0,24,600,4370,PlugInEV,1
0,24,600,4372,OnlineEV,1
0,24,600,4374,PlugInEV,1
0,24,600,4376,OnlineEV,1
0,24,600,4378,PlugInEV,1
0,24,600,4380,OnlineEV,1
0,24,600,4382,PlugInEV,1
0,24,600,4384,OnlineEV,1
0,24,600,4386,PlugInEV,1
0,24,600,4388,OnlineEV,1
0,24,600,4390,PlugInEV,1
0,24,600,4392,OnlineEV,1
0,24,600,4394,PlugInEV,1
0,24,600,4396,OnlineEV,1
0,24,600,4398,PlugInEV,1
0,24,600,4400,OnlineEV,1
0,24,600,4402,PlugInEV,1
0,24,600,4404,OnlineEV,1
0,24,600,4406,PlugInEV,1
0,24,600,4408,OnlineEV,1
0,24,600,4410,PlugInEV,1
0,24,600,4412,OnlineEV,1
0,24,600,4414,PlugInEV,1
0,24,600,4416,OnlineEV,1
0,24,600,4418,PlugInEV,1
0,24,600,4420,OnlineEV,1
0,24,600,4422,PlugInEV,1
0,24,600,4424,OnlineEV,1
0,24,600,4426,PlugInEV,1
0,24,600,4428,OnlineEV,1
0,24,600,4430,PlugInEV,1
0,24,600,4432,OnlineEV,1
0,24,600,4434,PlugInEV,1
0,24,600,4436,OnlineEV,1
0,24,600,4438,PlugInEV,1
0,24,600,4440,OnlineEV,1
0,24,600,4442,PlugInEV,1
0,24,600,4444,OnlineEV,1
0,24,600,4446,PlugInEV,1
0,24,600,4448,OnlineEV,1
0,24,600,4450,PlugInEV,1
0,24,600,4452,OnlineEV,1
0,24,600,4454,PlugInEV,1
0,24,600,4456,OnlineEV,1
0,24,600,4458,PlugInEV,1
0,24,600,4460,OnlineEV,1
0,24,600,4462,PlugInEV,1
0,24,600,4464,OnlineEV,1
0,24,600,4466,PlugInEV,1
0,24,600,4468,OnlineEV,1
0,24,600,4470,PlugInEV,1
0,24,600,4472,OnlineEV,1
0,24,600,4474,PlugInEV,1
0,24,600,4476,OnlineEV,1
0,24,600,4478,PlugInEV,1
0,24,600,4480,OnlineEV,1
0,24,600,4482,PlugInEV,1
0,24,600,4484,OnlineEV,1
0,24,600,4486,PlugInEV,1
0,24,600,4488,OnlineEV,1
0,24,600,4490,PlugInEV,1
0,24,600,4492,OnlineEV,1
0,24,600,4494,PlugInEV,1
0,24,600,4496,OnlineEV,1
0,24,600,4498,PlugInEV,1
0,24,600,4500,OnlineEV,1
0,24,600,4502,PlugInEV,1
0,24,600,4504,OnlineEV,1
0,24,600,4506,PlugInEV,1
0,24,600,4508,OnlineEV,1
0,24,600,4510,PlugInEV,1
0,24,600,4512,OnlineEV,1
0,24,600,4514,PlugInEV,1
0,24,600,4516,OnlineEV,1
0,24,600,4518,PlugInEV,1
0,24,600,4520,OnlineEV,1
0,24,600,4522,PlugInEV,1
0,24,600,4524,OnlineEV,1
0,24,600,4526,PlugInEV,1
0,24,600,4528,OnlineEV,1
0,24,600,4530,PlugInEV,1
0,24,600,4532,OnlineEV,1
0,24,600,4534,PlugInEV,1
0,24,600,4536,OnlineEV,1
0,24,600,4538,PlugInEV,1
0,24,600,4540,OnlineEV,1
0,24,600,4542,PlugInEV,1
0,24,600,4544,OnlineEV,1
0,24,600,4546,PlugInEV,1
0,24,600,4548,OnlineEV,1
0,24,600,4550,PlugInEV,1
0,24,600,4552,OnlineEV,1
0,24,600,4554,PlugInEV,1
0,24,600,4556,OnlineEV,1
0,24,600,4558,PlugInEV,1
0,24,600,4560,OnlineEV,1
0,24,600,4562,PlugInEV,1
0,24,600,4564,OnlineEV,1
0,24,600,4566,PlugInEV,1
0,24,600,4568,OnlineEV,1
0,24,600,4570,PlugInEV,1
0,24,600,4572,OnlineEV,1
0,24,600,4574,PlugInEV,1
0,24,600,4576,OnlineEV,1
0,24,600,4578,PlugInEV,1
0,24,600,4580,OnlineEV,1
0,24,600,4582,PlugInEV,1
0,24,600,4584,OnlineEV,1
0,24,600,4586,PlugInEV,1
0,24,600,4588,OnlineEV,1
0,24,600,4590,PlugInEV,1
0,24,600,4592,OnlineEV,1
0,24,600,4594,PlugInEV,1
0,24,600,4596,OnlineEV,1
0,24,600,4598,PlugInEV,1
0,24,600,4600,OnlineEV,1
0,24,600,4602,PlugInEV,1
0,24,600,4604,OnlineEV,1
0,24,600,4606,PlugInEV,1
0,24,600,4608,OnlineEV,1
0,24,600,4610,PlugInEV,1
0,24,600,4612,OnlineEV,1
0,24,600,4614,PlugInEV,1
0,24,600,4616,OnlineEV,1
0,24,600,4618,PlugInEV,1
0,24,600,4620,OnlineEV,1
0,24,600,4622,PlugInEV,1
0,24,600,4624,OnlineEV,1
0,24,600,4626,PlugInEV,1
0,24,600,4628,OnlineEV,1
0,24,600,4630,PlugInEV,1
0,24,600,4632,OnlineEV,1
0,24,600,4634,PlugInEV,1
0,24,600,4636,OnlineEV,1
0,24,600,4638,PlugInEV,1
0,24,600,4640,OnlineEV,1
0,24,600,4642,PlugInEV,1
0,24,600,4644,OnlineEV,1
0,24,600,4646,PlugInEV,1
0,24,600,4648,OnlineEV,1
0,24,600,4650,PlugInEV,1
0,24,600,4652,OnlineEV,1
0,24,600,4654,PlugInEV,1
0,24,600,4656,OnlineEV,1
0,24,600,4658,PlugInEV,1
0,24,600,4660,OnlineEV,1
0,24,600,4662,PlugInEV,1
0,24,600,4664,OnlineEV,1
0,24,600,4666,PlugInEV,1
0,24,600,4668,OnlineEV,1
0,24,600,4670,PlugInEV,1
0,24,600,4672,OnlineEV,1
0,24,600,4674,PlugInEV,1
0,24,600,4676,OnlineEV,1
0,24,600,4678,PlugInEV,1
0,24,600,4680,OnlineEV,1
0,24,600,4682,PlugInEV,1
0,24,600,4684,OnlineEV,1
0,24,600,4686,PlugInEV,1
0,24,600,4688,OnlineEV,1
0,24,600,4690,PlugInEV,1
0,24,600,4692,OnlineEV,1
0,24,600,4694,PlugInEV,1
0,24,600,4696,OnlineEV,1
0,24,600,4698,PlugInEV,1
0,24,600,4700,OnlineEV,1
0,24,600,4702,PlugInEV,1
0,24,600,4704,OnlineEV,1
0,24,600,4706,PlugInEV,1
0,24,600,4708,OnlineEV,1
0,24,600,4710,PlugInEV,1
0,24,600,4712,OnlineEV,1
0,24,600,4714,PlugInEV,1
0,24,600,4716,OnlineEV,1
0,24,600,4718,PlugInEV,1
0,24,600,4720,OnlineEV,1
0,24,600,4722,PlugInEV,1
0,24,600,4724,OnlineEV,1
0,24,600,4726,PlugInEV,1
0,24,600,4728,OnlineEV,1
0,24,600,4730,PlugInEV,1
0,24,600,4732,OnlineEV,1
0,24,600,4734,PlugInEV,1
0,24,600,4736,OnlineEV,1
0,24,600,4738,PlugInEV,1
0,24,600,4740,OnlineEV,1
0,24,600,4742,PlugInEV,1
0,24,600,4744,OnlineEV,1
0,24,600,4746,PlugInEV,1
0,24,600,4748,OnlineEV,1
0,24,600,4750,PlugInEV,1
0,24,600,4752,OnlineEV,1
0,24,600,4754,PlugInEV,1
0,24,600,4756,OnlineEV,1
0,24,600,4758,PlugInEV,1
0,24,600,4760,OnlineEV,1
0,24,600,4762,PlugInEV,1
0,24,600,4764,OnlineEV,1
0,24,600,4766,PlugInEV,1
0,24,600,4768,OnlineEV,1
0,24,600,4770,PlugInEV,1
0,24,600,4772,OnlineEV,1
0,24,600,4774,PlugInEV,1
0,24,600,4776,OnlineEV,1
0,24,600,4778,PlugInEV,1
0,24,600,4780,OnlineEV,1
0,24,600,4782,PlugInEV,1
0,24,600,4784,OnlineEV,1
0,24,600,4786,PlugInEV,1
0,24,600,4788,OnlineEV,1
0,24,600,4790,PlugInEV,1
0,24,600,4792,OnlineEV,1
0,24,600,4794,PlugInEV,1
0,24,600,4796,OnlineEV,1
0,24,600,4798,PlugInEV,1
0,24,600,4800,OnlineEV,1
0,24,600,4802,PlugInEV,1
0,24,600,4804,OnlineEV,1
0,24,600,4806,PlugInEV,1
0,24,600,4808,OnlineEV,1
0,24,600,4810,PlugInEV,1
0,24,600,4812,OnlineEV,1
0,24,600,4814,PlugInEV,1
0,24,600,4816,OnlineEV,1
0,24,600,4818,PlugInEV,1
0,24,600,4820,OnlineEV,1
0,24,600,4822,PlugInEV,1
0,24,600,4824,OnlineEV,1
0,24,600,4826,PlugInEV,1
0,24,600,4828,OnlineEV,1
0,24,600,4830,PlugInEV,1
0,24,600,4832,OnlineEV,1
0,24,600,4834,PlugInEV,1
0,24,600,4836,OnlineEV,1
0,24,600,4838,PlugInEV,1
0,24,600,4840,OnlineEV,1
0,24,600,4842,PlugInEV,1
0,24,600,4844,OnlineEV,1
0,24,600,4846,PlugInEV,1
0,24,600,4848,OnlineEV,1
0,24,600,4850,PlugInEV,1
0,24,600,4852,OnlineEV,1
0,24,600,4854,PlugInEV,1
0,24,600,4856,OnlineEV,1
0,24,600,4858,PlugInEV,1
0,24,600,4860,OnlineEV,1
0,24,600,4862,PlugInEV,1
0,24,600,4864,OnlineEV,1
0,24,600,4866,PlugInEV,1
0,24,600,4868,OnlineEV,1
0,24,600,4870,PlugInEV,1
0,24,600,4872,OnlineEV,1
0,24,600,4874,PlugInEV,1
0,24,600,4876,OnlineEV,1
0,24,600,4878,PlugInEV,1
0,24,600,4880,OnlineEV,1
0,24,600,4882,PlugInEV,1
0,24,600,4884,OnlineEV,1
0,24,600,4886,PlugInEV,1
0,24,600,4888,OnlineEV,1
0,24,600,4890,PlugInEV,1
0,24,600,4892,OnlineEV,1
0,24,600,4894,PlugInEV,1
0,24,600,4896,OnlineEV,1
0,24,600,4898,PlugInEV,1
0,24,600,4900,OnlineEV,1
0,24,600,4902,PlugInEV,1
0,24,600,4904,OnlineEV,1
0,24,600,4906,PlugInEV,1
0,24,600,4908,OnlineEV,1
0,24,600,4910,PlugInEV,1
0,24,600,4912,OnlineEV,1
0,24,600,4914,PlugInEV,1
0,24,600,4916,OnlineEV,1
0,24,600,4918,PlugInEV,1
0,24,600,4920,OnlineEV,1
0,24,600,4922,PlugInEV,1
0,24,600,4924,OnlineEV,1
0,24,600,4926,PlugInEV,1
0,24,600,4928,OnlineEV,1
0,24,600,4930,PlugInEV,1
0,24,600,4932,OnlineEV,1
0,24,600,4934,PlugInEV,1
0,24,600,4936,OnlineEV,1
0,24,600,4938,PlugInEV,1
0,24,600,4940,OnlineEV,1
0,24,600,4942,PlugInEV,1
0,24,600,4944,OnlineEV,1
0,24,600,4946,PlugInEV,1
0,24,600,4948,OnlineEV,1
0,24,600,4950,PlugInEV,1
0,24,600,4952,OnlineEV,1
0,24,600,4954,PlugInEV,1
0,24,600,4956,OnlineEV,1
0,24,600,4958,PlugInEV,1
0,24,600,4960,OnlineEV,1
0,24,600,4962,PlugInEV,1
0,24,600,4964,OnlineEV,1
0,24,600,4966,PlugInEV,1
0,24,600,4968,OnlineEV,1
0,24,600,4970,PlugInEV,1
0,24,600,4972,OnlineEV,1
0,24,600,4974,PlugInEV,1
0,24,600,4976,OnlineEV,1
0,24,600,4978,PlugInEV,1
0,24,600,4980,OnlineEV,1
0,24,600,4982,PlugInEV,1
0,24,600,4984,OnlineEV,1
0,24,600,4986,PlugInEV,1
0,24,600,4988,OnlineEV,1
0,24,600,4990,PlugInEV,1
0,24,600,4992,OnlineEV,1
0,24,600,4994,PlugInEV,1
0,24,600,4996,OnlineEV,1
0,24,600,4998,PlugInEV,1
0,24,600,5000,OnlineEV,1
0,24,600,5002,PlugInEV,1
0,24,600,5004,OnlineEV,1
0,24,600,5006,PlugInEV,1
0,24,600,5008,OnlineEV,1
0,24,600,5010,PlugInEV,1
0,24,600,5012,OnlineEV,1
0,24,600,5014,PlugInEV,1
0,24,600,5016,OnlineEV,1
0,24,600,5018,PlugInEV,1
0,24,600,5020,OnlineEV,1
0,24,600,5022,PlugInEV,1
0,24,600,5024,OnlineEV,1
0,24,600,5026,PlugInEV,1
0,24,600,5028,OnlineEV,1
0,24,600,5030,PlugInEV,1
0,24,600,5032,OnlineEV,1
0,24,600,5034,PlugInEV,1
0,24,600,5036,OnlineEV,1
0,24,600,5038,PlugInEV,1
0,24,600,5040,OnlineEV,1
0,24,600,5042,PlugInEV,1
0,24,600,5044,OnlineEV,1
0,24,600,5046,PlugInEV,1
0,24,600,5048,OnlineEV,1
0,24,600,5050,PlugInEV,1
0,24,600,5052,OnlineEV,1
0,24,600,5054,PlugInEV,1
0,24,600,5056,OnlineEV,1
0,24,600,5058,PlugInEV,1
0,24,600,5060,OnlineEV,1
0,24,600,5062,PlugInEV,1
0,24,600,5064,OnlineEV,1
0,24,600,5066,PlugInEV,1
0,24,600,5068,OnlineEV,1
0,24,600,5070,PlugInEV,1
0,24,600,5072,OnlineEV,1
0,24,600,5074,PlugInEV,1
0,24,600,5076,OnlineEV,1
0,24,600,5078,PlugInEV,1
0,24,600,5080,OnlineEV,1
0,24,600,5082,PlugInEV,1
0,24,600,5084,OnlineEV,1
0,24,600,5086,PlugInEV,1
0,24,600,5088,OnlineEV,1
0,24,600,5090,PlugInEV,1
0,24,600,5092,OnlineEV,1
0,24,600,5094,PlugInEV,1
0,24,600,5096,OnlineEV,1
0,24,600,5098,PlugInEV,1
0,24,600,5100,OnlineEV,1
0,24,600,5102,PlugInEV,1
0,24,600,5104,OnlineEV,1
0,24,600,5106,PlugInEV,1
0,24,600,5108,OnlineEV,1
0,24,600,5110,PlugInEV,1
0,24,600,5112,OnlineEV,1
0,24,600,5114,PlugInEV,1
0,24,600,5116,OnlineEV,1
0,24,600,5118,PlugInEV,1
0,24,600,5120,OnlineEV,1
0,24,600,5122,PlugInEV,1
0,24,600,5124,OnlineEV,1
0,24,600,5126,PlugInEV,1
0,24,600,5128,OnlineEV,1
0,24,600,5130,PlugInEV,1
0,24,600,5132,OnlineEV,1
0,24,600,5134,PlugInEV,1
0,24,600,5136,OnlineEV,1
0,24,600,5138,PlugInEV,1
0,24,600,5140,OnlineEV,1
0,24,600,5142,PlugInEV,1
0,24,600,5144,OnlineEV,1
0,24,600,5146,PlugInEV,1
0,24,600,5148,OnlineEV,1
0,24,600,5150,PlugInEV,1
0,24,600,5152,OnlineEV,1
0,24,600,5154,PlugInEV,1
0,24,600,5156,OnlineEV,1
0,24,600,5158,PlugInEV,1
0,24,600,5160,OnlineEV,1
0,24,600,5162,PlugInEV,1
0,24,600,5164,OnlineEV,1
0,24,600,5166,PlugInEV,1
0,24,600,5168,OnlineEV,1
0,24,600,5170,PlugInEV,1
0,24,600,5172,OnlineEV,1
0,24,600,5174,PlugInEV,1
0,24,600,5176,OnlineEV,1
0,24,600,5178,PlugInEV,1
0,24,600,5180,OnlineEV,1
0,24,600,5182,PlugInEV,1
0,24,600,5184,OnlineEV,1
0,24,600,5186,PlugInEV,1
0,24,600,5188,OnlineEV,1
0,24,600,5190,PlugInEV,1
0,24,600,5192,OnlineEV,1
0,24,600,5194,PlugInEV,1
0,24,600,5196,OnlineEV,1
0,24,600,5198,PlugInEV,1
0,24,600,5200,OnlineEV,1
0,24,600,5202,PlugInEV,1
0,24,600,5204,OnlineEV,1
0,24,600,5206,PlugInEV,1
0,24,600,5208,OnlineEV,1
0,24,600,5210,PlugInEV,1
0,24,600,5212,OnlineEV,1
0,24,600,5214,PlugInEV,1
0,24,600,5216,OnlineEV,1
0,24,600,5218,PlugInEV,1
0,24,600,5220,OnlineEV,1
0,24,600,5222,PlugInEV,1
0,24,600,5224,OnlineEV,1
0,24,600,5226,PlugInEV,1
0,24,600,5228,OnlineEV,1
0,24,600,5230,PlugInEV,1
0,24,600,5232,OnlineEV,1
0,24,600,5234,PlugInEV,1
0,24,600,5236,OnlineEV,1
0,24,600,5238,PlugInEV,1
0,24,600,5240,OnlineEV,1
0,24,600,5242,PlugInEV,1
0,24,600,5244,OnlineEV,1
0,24,600,5246,PlugInEV,1
0,24,600,5248,OnlineEV,1
0,24,600,5250,PlugInEV,1
0,24,600,5252,OnlineEV,1
0,24,600,5254,PlugInEV,1
0,24,600,5256,OnlineEV,1
0,24,600,5258,PlugInEV,1
0,24,600,5260,OnlineEV,1
0,24,600,5262,PlugInEV,1
0,24,600,5264,OnlineEV,1
0,24,600,5266,PlugInEV,1
0,24,600,5268,OnlineEV,1
0,24,600,5270,PlugInEV,1
0,24,600,5272,OnlineEV,1
0,24,600,5274,PlugInEV,1
0,24,600,5276,OnlineEV,1
0,24,600,5278,PlugInEV,1
0,24,600,5280,OnlineEV,1
0,24,600,5282,PlugInEV,1
0,24,600,5284,OnlineEV,1
0,24,600,5286,PlugInEV,1
0,24,600,5288,OnlineEV,1
0,24,600,5290,PlugInEV,1
0,24,600,5292,OnlineEV,1
0,24,600,5294,PlugInEV,1
0,24,600,5296,OnlineEV,1
0,24,600,5298,PlugInEV,1
0,24,600,5300,OnlineEV,1
0,24,600,5302,PlugInEV,1
0,24,600,5304,OnlineEV,1
0,24,600,5306,PlugInEV,1
0,24,600,5308,OnlineEV,1
0,24,600,5310,PlugInEV,1
0,24,600,5312,OnlineEV,1
0,24,600,5314,PlugInEV,1
0,24,600,5316,OnlineEV,1
0,24,600,5318,PlugInEV,1
0,24,600,5320,OnlineEV,1
0,24,600,5322,PlugInEV,1
0,24,600,5324,OnlineEV,1
0,24,600,5326,PlugInEV,1
0,24,600,5328,OnlineEV,1
0,24,600,5330,PlugInEV,1
0,24,600,5332,OnlineEV,1
0,24,600,5334,PlugInEV,1
0,24,600,5336,OnlineEV,1
0,24,600,5338,PlugInEV,1
0,24,600,5340,OnlineEV,1
0,24,600,5342,PlugInEV,1
0,24,600,5344,OnlineEV,1
0,24,600,5346,PlugInEV,1
0,24,600,5348,OnlineEV,1
0,24,600,5350,PlugInEV,1
0,24,600,5352,OnlineEV,1
0,24,600,5354,PlugInEV,1
0,24,600,5356,OnlineEV,1
0,24,600,5358,PlugInEV,1
0,24,600,5360,OnlineEV,1
0,24,600,5362,PlugInEV,1
0,24,600,5364,OnlineEV,1
0,24,600,5366,PlugInEV,1
0,24,600,5368,OnlineEV,1
0,24,600,5370,PlugInEV,1
0,24,600,5372,OnlineEV,1
0,24,600,5374,PlugInEV,1
0,24,600,5376,OnlineEV,1
0,24,600,5378,PlugInEV,1
0,24,600,5380,OnlineEV,1
0,24,600,5382,PlugInEV,1
0,24,600,5384,OnlineEV,1
0,24,600,5386,PlugInEV,1
0,24,600,5388,OnlineEV,1
0,24,600,5390,PlugInEV,1
0,24,600,5392,OnlineEV,1
0,24,600,5394,PlugInEV,1
0,24,600,5396,OnlineEV,1
0,24,600,5398,PlugInEV,1
0,24,600,5400,OnlineEV,1
0,24,600,5402,PlugInEV,1
0,24,600,5404,OnlineEV,1
0,24,600,5406,PlugInEV,1
0,24,600,5408,OnlineEV,1
0,24,600,5410,PlugInEV,1
0,24,600,5412,OnlineEV,1
0,24,600,5414,PlugInEV,1
0,24,600,5416,OnlineEV,1
0,24,600,5418,PlugInEV,1
0,24,600,5420,OnlineEV,1
0,24,600,5422,PlugInEV,1
0,24,600,5424,OnlineEV,1
0,24,600,5426,PlugInEV,1
0,24,600,5428,OnlineEV,1
0,24,600,5430,PlugInEV,1
0,24,600,5432,OnlineEV,1
0,24,600,5434,PlugInEV,1
0,24,600,5436,OnlineEV,1
0,24,600,5438,PlugInEV,1
0,24,600,5440,OnlineEV,1
0,24,600,5442,PlugInEV,1
0,24,600,5444,OnlineEV,1
0,24,600,5446,PlugInEV,1
0,24,600,5448,OnlineEV,1
0,24,600,5450,PlugInEV,1
0,24,600,5452,OnlineEV,1
0,24,600,5454,PlugInEV,1
0,24,600,5456,OnlineEV,1
0,24,600,5458,PlugInEV,1
0,24,600,5460,OnlineEV,1
0,24,600,5462,PlugInEV,1
0,24,600,5464,OnlineEV,1
0,24,600,5466,PlugInEV,1
0,24,600,5468,OnlineEV,1
0,24,600,5470,PlugInEV,1
0,24,600,5472,OnlineEV,1
0,24,600,5474,PlugInEV,1
0,24,600,5476,OnlineEV,1
0,24,600,5478,PlugInEV,1
0,24,600,5480,OnlineEV,1
0,24,600,5482,PlugInEV,1
0,24,600,5484,OnlineEV,1
0,24,600,5486,PlugInEV,1
0,24,600,5488,OnlineEV,1
0,24,600,5490,PlugInEV,1
0,24,600,5492,OnlineEV,1
0,24,600,5494,PlugInEV,1
0,24,600,5496,OnlineEV,1
0,24,600,5498,PlugInEV,1
0,24,600,5500,OnlineEV,1
0,24,600,5502,PlugInEV,1
0,24,600,5504,OnlineEV,1
0,24,600,5506,PlugInEV,1
0,24,600,5508,OnlineEV,1
0,24,600,5510,PlugInEV,1
0,24,600,5512,OnlineEV,1
0,24,600,5514,PlugInEV,1
0,24,600,5516,OnlineEV,1
0,24,600,5518,PlugInEV,1
0,24,600,5520,OnlineEV,1
0,24,600,5522,PlugInEV,1
0,24,600,5524,OnlineEV,1
0,24,600,5526,PlugInEV,1
0,24,600,5528,OnlineEV,1
0,24,600,5530,PlugInEV,1
0,24,600,5532,OnlineEV,1
0,24,600,5534,PlugInEV,1
0,24,600,5536,OnlineEV,1
0,24,600,5538,PlugInEV,1
0,24,600,5540,OnlineEV,1
0,24,600,5542,PlugInEV,1
0,24,600,5544,OnlineEV,1
0,24,600,5546,PlugInEV,1
0,24,600,5548,OnlineEV,1
0,24,600,5550,PlugInEV,1
0,24,600,5552,OnlineEV,1
0,24,600,5554,PlugInEV,1
0,24,600,5556,OnlineEV,1
0,24,600,5558,PlugInEV,1
0,24,600,5560,OnlineEV,1
0,24,600,5562,PlugInEV,1
0,24,600,5564,OnlineEV,1
0,24,600,5566,PlugInEV,1
0,24,600,5568,OnlineEV,1
0,24,600,5570,PlugInEV,1
0,24,600,5572,OnlineEV,1
0,24,600,5574,PlugInEV,1
0,24,600,5576,OnlineEV,1
0,24,600,5578,PlugInEV,1
0,24,600,5580,OnlineEV,1
0,24,600,5582,PlugInEV,1
0,24,600,5584,OnlineEV,1
0,24,600,5586,PlugInEV,1
0,24,600,5588,OnlineEV,1
0,24,600,5590,PlugInEV,1
0,24,600,5592,OnlineEV,1
0,24,600,5594,PlugInEV,1
0,24,600,5596,OnlineEV,1
0,24,600,5598,PlugInEV,1
0,24,600,5600,OnlineEV,1
0,24,600,5602,PlugInEV,1
0,24,600,5604,OnlineEV,1
0,24,600,5606,PlugInEV,1
0,24,600,5608,OnlineEV,1
0,24,600,5610,PlugInEV,1
0,24,600,5612,OnlineEV,1
0,24,600,5614,PlugInEV,1
0,24,600,5616,OnlineEV,1
0,24,600,5618,PlugInEV,1
0,24,600,5620,OnlineEV,1
0,24,600,5622,PlugInEV,1
0,24,600,5624,OnlineEV,1
0,24,600,5626,PlugInEV,1
0,24,600,5628,OnlineEV,1
0,24,600,5630,PlugInEV,1
0,24,600,5632,OnlineEV,1
0,24,600,5634,PlugInEV,1
0,24,600,5636,OnlineEV,1
0,24,600,5638,PlugInEV,1
0,24,600,5640,OnlineEV,1
0,24,600,5642,PlugInEV,1
0,24,600,5644,OnlineEV,1
0,24,600,5646,PlugInEV,1
0,24,600,5648,OnlineEV,1
0,24,600,5650,PlugInEV,1
0,24,600,5652,OnlineEV,1
0,24,600,5654,PlugInEV,1
0,24,600,5656,OnlineEV,1
0,24,600,5658,PlugInEV,1
0,24,600,5660,OnlineEV,1
0,24,600,5662,PlugInEV,1
0,24,600,5664,OnlineEV,1
0,24,600,5666,PlugInEV,1
0,24,600,5668,OnlineEV,1
0,24,600,5670,PlugInEV,1
0,24,600,5672,OnlineEV,1
0,24,600,5674,PlugInEV,1
0,24,600,5676,OnlineEV,1
0,24,600,5678,PlugInEV,1
0,24,600,5680,OnlineEV,1
0,24,600,5682,PlugInEV,1
0,24,600,5684,OnlineEV,1
0,24,600,5686,PlugInEV,1
0,24,600,5688,OnlineEV,1
0,24,600,5690,PlugInEV,1
0,24,600,5692,OnlineEV,1
0,24,600,5694,PlugInEV,1
0,24,600,5696,OnlineEV,1
0,24,600,5698,PlugInEV,1
0,24,600,5700,OnlineEV,1
0,24,600,5702,PlugInEV,1
0,24,600,5704,OnlineEV,1
0,24,600,5706,PlugInEV,1
0,24,600,5708,OnlineEV,1
0,24,600,5710,PlugInEV,1
0,24,600,5712,OnlineEV,1
0,24,600,5714,PlugInEV,1
0,24,600,5716,OnlineEV,1
0,24,600,5718,PlugInEV,1
0,24,600,5720,OnlineEV,1
0,24,600,5722,PlugInEV,1
0,24,600,5724,OnlineEV,1
0,24,600,5726,PlugInEV,1
0,24,600,5728,OnlineEV,1
0,24,600,5730,PlugInEV,1
0,24,600,5732,OnlineEV,1
0,24,600,5734,PlugInEV,1
0,24,600,5736,OnlineEV,1
0,24,600,5738,PlugInEV,1
0,24,600,5740,OnlineEV,1
0,24,600,5742,PlugInEV,1
0,24,600,5744,OnlineEV,1
0,24,600,5746,PlugInEV,1
0,24,600,5748,OnlineEV,1
0,24,600,5750,PlugInEV,1
0,24,600,5752,OnlineEV,1
0,24,600,5754,PlugInEV,1
0,24,600,5756,OnlineEV,1
0,24,600,5758,PlugInEV,1
0,24,600,5760,OnlineEV,1
0,24,600,5762,PlugInEV,1
0,24,600,5764,OnlineEV,1
0,24,600,5766,PlugInEV,1
0,24,600,5768,OnlineEV,1
0,24,600,5770,PlugInEV,1
0,24,600,5772,OnlineEV,1
0,24,600,5774,PlugInEV,1
0,24,600,5776,OnlineEV,1
0,24,600,5778,PlugInEV,1
0,24,600,5780,OnlineEV,1
0,24,600,5782,PlugInEV,1
0,24,600,5784,OnlineEV,1
0,24,600,5786,PlugInEV,1
0,24,600,5788,OnlineEV,1
0,24,600,5790,PlugInEV,1
0,24,600,5792,OnlineEV,1
0,24,600,5794,PlugInEV,1
0,24,600,5796,OnlineEV,1
0,24,600,5798,PlugInEV,1
0,24,600,5800,OnlineEV,1
0,24,600,5802,PlugInEV,1
0,24,600,5804,OnlineEV,1
0,24,600,5806,PlugInEV,1
0,24,600,5808,OnlineEV,1
0,24,600,5810,PlugInEV,1
0,24,600,5812,OnlineEV,1
0,24,600,5814,PlugInEV,1
0,24,600,5816,OnlineEV,1
0,24,600,5818,PlugInEV,1
0,24,600,5820,OnlineEV,1
0,24,600,5822,PlugInEV,1
0,24,600,5824,OnlineEV,1
0,24,600,5826,PlugInEV,1
0,24,600,5828,OnlineEV,1
0,24,600,5830,PlugInEV,1
0,24,600,5832,OnlineEV,1
0,24,600,5834,PlugInEV,1
0,24,600,5836,OnlineEV,1
0,24,600,5838,PlugInEV,1
0,24,600,5840,OnlineEV,1
0,24,600,5842,PlugInEV,1
0,24,600,5844,OnlineEV,1
0,24,600,5846,PlugInEV,1
0,24,600,5848,OnlineEV,1
0,24,600,5850,PlugInEV,1
0,24,600,5852,OnlineEV,1
0,24,600,5854,PlugInEV,1
0,24,600,5856,OnlineEV,1
0,24,600,5858,PlugInEV,1
0,24,600,5860,OnlineEV,1
0,24,600,5862,PlugInEV,1
0,24,600,5864,OnlineEV,1
0,24,600,5866,PlugInEV,1
0,24,600,5868,OnlineEV,1
0,24,600,5870,PlugInEV,1
0,24,600,5872,OnlineEV,1
0,24,600,5874,PlugInEV,1
0,24,600,5876,OnlineEV,1
0,24,600,5878,PlugInEV,1
0,24,600,5880,OnlineEV,1
0,24,600,5882,PlugInEV,1
0,24,600,5884,OnlineEV,1
0,24,600,5886,PlugInEV,1
0,24,600,5888,OnlineEV,1
0,24,600,5890,PlugInEV,1
0,24,600,5892,OnlineEV,1
0,24,600,5894,PlugInEV,1
0,24,600,5896,OnlineEV,1
0,24,600,5898,PlugInEV,1
0,24,600,5900,OnlineEV,1
0,24,600,5902,PlugInEV,1
0,24,600,5904,OnlineEV,1
0,24,600,5906,PlugInEV,1
0,24,600,5908,OnlineEV,1
0,24,600,5910,PlugInEV,1
0,24,600,5912,OnlineEV,1
0,24,600,5914,PlugInEV,1
0,24,600,5916,OnlineEV,1
0,24,600,5918,PlugInEV,1
0,24,600,5920,OnlineEV,1
0,24,600,5922,PlugInEV,1
0,24,600,5924,OnlineEV,1
0,24,600,5926,PlugInEV,1
0,24,600,5928,OnlineEV,1
0,24,600,5930,PlugInEV,1
0,24,600,5932,OnlineEV,1
0,24,600,5934,PlugInEV,1
0,24,600,5936,OnlineEV,1
0,24,600,5938,PlugInEV,1
0,24,600,5940,OnlineEV,1
0,24,600,5942,PlugInEV,1
0,24,600,5944,OnlineEV,1
0,24,600,5946,PlugInEV,1
0,24,600,5948,OnlineEV,1
0,24,600,5950,PlugInEV,1
0,24,600,5952,OnlineEV,1
0,24,600,5954,PlugInEV,1
0,24,600,5956,OnlineEV,1
0,24,600,5958,PlugInEV,1
0,24,600,5960,OnlineEV,1
0,24,600,5962,PlugInEV,1
0,24,600,5964,OnlineEV,1
0,24,600,5966,PlugInEV,1
0,24,600,5968,OnlineEV,1
0,24,600,5970,PlugInEV,1
0,24,600,5972,OnlineEV,1
0,24,600,5974,PlugInEV,1
0,24,600,5976,OnlineEV,1
0,24,600,5978,PlugInEV,1
0,24,600,5980,OnlineEV,1
0,24,600,5982,PlugInEV,1
0,24,600,5984,OnlineEV,1
0,24,600,5986,PlugInEV,1
0,24,600,5988,OnlineEV,1
0,24,600,5990,PlugInEV,1
0,24,600,5992,OnlineEV,1
0,24,600,5994,PlugInEV,1
0,24,600,5996,OnlineEV,1
0,24,600,5998,PlugInEV,1
0,24,600,6000,OnlineEV,1
0,24,600,6002,PlugInEV,1
0,24,600,6004,OnlineEV,1
0,24,600,6006,PlugInEV,1
0,24,600,6008,OnlineEV,1
0,24,600,6010,PlugInEV,1
0,24,600,6012,OnlineEV,1
0,24,600,6014,PlugInEV,1
0,24,600,6016,OnlineEV,1
0,24,600,6018,PlugInEV,1
0,24,600,6020,OnlineEV,1
0,24,600,6022,PlugInEV,1
0,24,600,6024,OnlineEV,1
0,24,600,6026,PlugInEV,1
0,24,600,6028,OnlineEV,1
0,24,600,6030,PlugInEV,1
0,24,600,6032,OnlineEV,1
0,24,600,6034,PlugInEV,1
0,24,600,6036,OnlineEV,1
0,24,600,6038,PlugInEV,1
0,24,600,6040,OnlineEV,1
0,24,600,6042,PlugInEV,1
0,24,600,6044,OnlineEV,1
0,24,600,6046,PlugInEV,1
0,24,600,6048,OnlineEV,1
0,24,600,6050,PlugInEV,1
0,24,600,6052,OnlineEV,1
0,24,600,6054,PlugInEV,1
0,24,600,6056,OnlineEV,1
0,24,600,6058,PlugInEV,1
0,24,600,6060,OnlineEV,1
0,24,600,6062,PlugInEV,1
0,24,600,6064,OnlineEV,1
0,24,600,6066,PlugInEV,1
0,24,600,6068,OnlineEV,1
0,24,600,6070,PlugInEV,1
0,24,600,6072,OnlineEV,1
0,24,600,6074,PlugInEV,1
0,24,600,6076,OnlineEV,1
0,24,600,6078,PlugInEV,1
0,24,600,6080,OnlineEV,1
0,24,600,6082,PlugInEV,1
0,24,600,6084,OnlineEV,1
